[
 {
   "_id": "5fbf95454bc0e11fa470d8c1",
   "countryCallingCodes": "[\"+247\"]",
   "currencies": "[\"USD\"]",
   "languages": "[\"eng\"]",
   "alpha2": "AC",
   "alpha3": "false",
   "emoji": "false",
   "ioc": "SHP",
   "name": "Ascension Island",
   "status": "reserved",
   "__v": 0
 },
 {
   "_id": "5fbf95454bc0e11fa470d8c2",
   "countryCallingCodes": "[\"+376\"]",
   "currencies": "[\"EUR\"]",
   "languages": "[\"cat\"]",
   "alpha2": "AD",
   "alpha3": "AND",
   "emoji": "🇦🇩",
   "ioc": "AND",
   "name": "Andorra",
   "status": "assigned",
   "__v": 0
 },
 {
   "_id": "5fbf95454bc0e11fa470d8c3",
   "countryCallingCodes": "[\"+971\"]",
   "currencies": "[\"AED\"]",
   "languages": "[\"ara\"]",
   "alpha2": "AE",
   "alpha3": "ARE",
   "emoji": "🇦🇪",
   "ioc": "UAE",
   "name": "United Arab Emirates",
   "status": "assigned",
   "__v": 0
 },
 {
   "_id": "5fbf95454bc0e11fa470d8c4",
   "countryCallingCodes": "[\"+93\"]",
   "currencies": "[\"AFN\"]",
   "languages": "[\"pus\"]",
   "alpha2": "AF",
   "alpha3": "AFG",
   "emoji": "🇦🇫",
   "ioc": "AFG",
   "name": "Afghanistan",
   "status": "assigned",
   "__v": 0
 },
 {
   "_id": "5fbf95454bc0e11fa470d8c5",
   "countryCallingCodes": "[\"+1 268\"]",
   "currencies": "[\"XCD\"]",
   "languages": "[\"eng\"]",
   "alpha2": "AG",
   "alpha3": "ATG",
   "emoji": "🇦🇬",
   "ioc": "ANT",
   "name": "Antigua And Barbuda",
   "status": "assigned",
   "__v": 0
 },
 {
   "_id": "5fbf95454bc0e11fa470d8c6",
   "countryCallingCodes": "[\"+1 264\"]",
   "currencies": "[\"XCD\"]",
   "languages": "[\"eng\"]",
   "alpha2": "AI",
   "alpha3": "AIA",
   "emoji": "🇦🇮",
   "ioc": "false",
   "name": "Anguilla",
   "status": "assigned",
   "__v": 0
 },
 {
   "_id": "5fbf95454bc0e11fa470d8c7",
   "countryCallingCodes": "[]",
   "currencies": "[]",
   "languages": "[]",
   "alpha2": "AI",
   "alpha3": "AFI",
   "emoji": "",
   "ioc": "false",
   "name": "French Afar and Issas",
   "status": "deleted",
   "__v": 0
 },
 {
   "_id": "5fbf95454bc0e11fa470d8c8",
   "countryCallingCodes": "[\"+355\"]",
   "currencies": "[\"ALL\"]",
   "languages": "[\"sqi\"]",
   "alpha2": "AL",
   "alpha3": "ALB",
   "emoji": "🇦🇱",
   "ioc": "ALB",
   "name": "Albania",
   "status": "assigned",
   "__v": 0
 },
 {
   "_id": "5fbf95454bc0e11fa470d8c9",
   "countryCallingCodes": "[\"+374\"]",
   "currencies": "[\"AMD\"]",
   "languages": "[\"hye\",\"rus\"]",
   "alpha2": "AM",
   "alpha3": "ARM",
   "emoji": "🇦🇲",
   "ioc": "ARM",
   "name": "Armenia",
   "status": "assigned",
   "__v": 0
 },
 {
   "_id": "5fbf95454bc0e11fa470d8ca",
   "countryCallingCodes": "[]",
   "currencies": "[]",
   "languages": "[]",
   "alpha2": "AN",
   "alpha3": "ANT",
   "emoji": "",
   "ioc": "false",
   "name": "Netherlands Antilles",
   "status": "deleted",
   "__v": 0
 },
 {
   "_id": "5fbf95454bc0e11fa470d8cb",
   "countryCallingCodes": "[\"+244\"]",
   "currencies": "[\"AOA\"]",
   "languages": "[\"por\"]",
   "alpha2": "AO",
   "alpha3": "AGO",
   "emoji": "🇦🇴",
   "ioc": "ANG",
   "name": "Angola",
   "status": "assigned",
   "__v": 0
 },
 {
   "_id": "5fbf95454bc0e11fa470d8cc",
   "countryCallingCodes": "[\"+672\"]",
   "currencies": "[]",
   "languages": "[]",
   "alpha2": "AQ",
   "alpha3": "ATA",
   "emoji": "🇦🇶",
   "ioc": "false",
   "name": "Antarctica",
   "status": "assigned",
   "__v": 0
 },
 {
   "_id": "5fbf95454bc0e11fa470d8cd",
   "countryCallingCodes": "[\"+54\"]",
   "currencies": "[\"ARS\"]",
   "languages": "[\"spa\"]",
   "alpha2": "AR",
   "alpha3": "ARG",
   "emoji": "🇦🇷",
   "ioc": "ARG",
   "name": "Argentina",
   "status": "assigned",
   "__v": 0
 },
 {
   "_id": "5fbf95454bc0e11fa470d8ce",
   "countryCallingCodes": "[\"+1 684\"]",
   "currencies": "[\"USD\"]",
   "languages": "[\"eng\",\"smo\"]",
   "alpha2": "AS",
   "alpha3": "ASM",
   "emoji": "🇦🇸",
   "ioc": "ASA",
   "name": "American Samoa",
   "status": "assigned",
   "__v": 0
 },
 {
   "_id": "5fbf95454bc0e11fa470d8cf",
   "countryCallingCodes": "[\"+43\"]",
   "currencies": "[\"EUR\"]",
   "languages": "[\"deu\"]",
   "alpha2": "AT",
   "alpha3": "AUT",
   "emoji": "🇦🇹",
   "ioc": "AUT",
   "name": "Austria",
   "status": "assigned",
   "__v": 0
 },
 {
   "_id": "5fbf95454bc0e11fa470d8d0",
   "countryCallingCodes": "[\"+61\"]",
   "currencies": "[\"AUD\"]",
   "languages": "[\"eng\"]",
   "alpha2": "AU",
   "alpha3": "AUS",
   "emoji": "🇦🇺",
   "ioc": "AUS",
   "name": "Australia",
   "status": "assigned",
   "__v": 0
 },
 {
   "_id": "5fbf95454bc0e11fa470d8d1",
   "countryCallingCodes": "[\"+297\"]",
   "currencies": "[\"AWG\"]",
   "languages": "[\"nld\"]",
   "alpha2": "AW",
   "alpha3": "ABW",
   "emoji": "🇦🇼",
   "ioc": "ARU",
   "name": "Aruba",
   "status": "assigned",
   "__v": 0
 },
 {
   "_id": "5fbf95454bc0e11fa470d8d2",
   "countryCallingCodes": "[\"+358\"]",
   "currencies": "[\"EUR\"]",
   "languages": "[\"swe\"]",
   "alpha2": "AX",
   "alpha3": "ALA",
   "emoji": "🇦🇽",
   "ioc": "false",
   "name": "Åland Islands",
   "status": "assigned",
   "__v": 0
 },
 {
   "_id": "5fbf95454bc0e11fa470d8d3",
   "countryCallingCodes": "[\"+994\"]",
   "currencies": "[\"AZN\"]",
   "languages": "[\"aze\"]",
   "alpha2": "AZ",
   "alpha3": "AZE",
   "emoji": "🇦🇿",
   "ioc": "AZE",
   "name": "Azerbaijan",
   "status": "assigned",
   "__v": 0
 },
 {
   "_id": "5fbf95454bc0e11fa470d8d4",
   "countryCallingCodes": "[\"+387\"]",
   "currencies": "[\"BAM\"]",
   "languages": "[\"bos\",\"cre\",\"srp\"]",
   "alpha2": "BA",
   "alpha3": "BIH",
   "emoji": "🇧🇦",
   "ioc": "BIH",
   "name": "Bosnia & Herzegovina",
   "status": "assigned",
   "__v": 0
 },
 {
   "_id": "5fbf95454bc0e11fa470d8d5",
   "countryCallingCodes": "[\"+1 246\"]",
   "currencies": "[\"BBD\"]",
   "languages": "[\"eng\"]",
   "alpha2": "BB",
   "alpha3": "BRB",
   "emoji": "🇧🇧",
   "ioc": "BAR",
   "name": "Barbados",
   "status": "assigned",
   "__v": 0
 },
 {
   "_id": "5fbf95454bc0e11fa470d8d6",
   "countryCallingCodes": "[\"+880\"]",
   "currencies": "[\"BDT\"]",
   "languages": "[\"ben\"]",
   "alpha2": "BD",
   "alpha3": "BGD",
   "emoji": "🇧🇩",
   "ioc": "BAN",
   "name": "Bangladesh",
   "status": "assigned",
   "__v": 0
 },
 {
   "_id": "5fbf95454bc0e11fa470d8d7",
   "countryCallingCodes": "[\"+32\"]",
   "currencies": "[\"EUR\"]",
   "languages": "[\"nld\",\"fra\",\"deu\"]",
   "alpha2": "BE",
   "alpha3": "BEL",
   "emoji": "🇧🇪",
   "ioc": "BEL",
   "name": "Belgium",
   "status": "assigned",
   "__v": 0
 },
 {
   "_id": "5fbf95454bc0e11fa470d8d8",
   "countryCallingCodes": "[\"+226\"]",
   "currencies": "[\"XOF\"]",
   "languages": "[\"fra\"]",
   "alpha2": "BF",
   "alpha3": "BFA",
   "emoji": "🇧🇫",
   "ioc": "BUR",
   "name": "Burkina Faso",
   "status": "assigned",
   "__v": 0
 },
 {
   "_id": "5fbf95454bc0e11fa470d8d9",
   "countryCallingCodes": "[\"+359\"]",
   "currencies": "[\"BGN\"]",
   "languages": "[\"bul\"]",
   "alpha2": "BG",
   "alpha3": "BGR",
   "emoji": "🇧🇬",
   "ioc": "BUL",
   "name": "Bulgaria",
   "status": "assigned",
   "__v": 0
 },
 {
   "_id": "5fbf95454bc0e11fa470d8da",
   "countryCallingCodes": "[\"+973\"]",
   "currencies": "[\"BHD\"]",
   "languages": "[\"ara\"]",
   "alpha2": "BH",
   "alpha3": "BHR",
   "emoji": "🇧🇭",
   "ioc": "BRN",
   "name": "Bahrain",
   "status": "assigned",
   "__v": 0
 },
 {
   "_id": "5fbf95454bc0e11fa470d8db",
   "countryCallingCodes": "[\"+257\"]",
   "currencies": "[\"BIF\"]",
   "languages": "[\"fra\"]",
   "alpha2": "BI",
   "alpha3": "BDI",
   "emoji": "🇧🇮",
   "ioc": "BDI",
   "name": "Burundi",
   "status": "assigned",
   "__v": 0
 },
 {
   "_id": "5fbf95454bc0e11fa470d8dc",
   "countryCallingCodes": "[\"+229\"]",
   "currencies": "[\"XOF\"]",
   "languages": "[\"fra\"]",
   "alpha2": "BJ",
   "alpha3": "BEN",
   "emoji": "🇧🇯",
   "ioc": "BEN",
   "name": "Benin",
   "status": "assigned",
   "__v": 0
 },
 {
   "_id": "5fbf95454bc0e11fa470d8dd",
   "countryCallingCodes": "[\"+590\"]",
   "currencies": "[\"EUR\"]",
   "languages": "[\"fra\"]",
   "alpha2": "BL",
   "alpha3": "BLM",
   "emoji": "🇧🇱",
   "ioc": "false",
   "name": "Saint Barthélemy",
   "status": "assigned",
   "__v": 0
 },
 {
   "_id": "5fbf95454bc0e11fa470d8de",
   "countryCallingCodes": "[\"+1 441\"]",
   "currencies": "[\"BMD\"]",
   "languages": "[\"eng\"]",
   "alpha2": "BM",
   "alpha3": "BMU",
   "emoji": "🇧🇲",
   "ioc": "BER",
   "name": "Bermuda",
   "status": "assigned",
   "__v": 0
 },
 {
   "_id": "5fbf95454bc0e11fa470d8df",
   "countryCallingCodes": "[\"+673\"]",
   "currencies": "[\"BND\"]",
   "languages": "[\"msa\",\"eng\"]",
   "alpha2": "BN",
   "alpha3": "BRN",
   "emoji": "🇧🇳",
   "ioc": "BRU",
   "name": "Brunei Darussalam",
   "status": "assigned",
   "__v": 0
 },
 {
   "_id": "5fbf95454bc0e11fa470d8e0",
   "countryCallingCodes": "[\"+591\"]",
   "currencies": "[\"BOB\",\"BOV\"]",
   "languages": "[\"spa\",\"aym\",\"que\"]",
   "alpha2": "BO",
   "alpha3": "BOL",
   "emoji": "🇧🇴",
   "ioc": "BOL",
   "name": "Bolivia, Plurinational State Of",
   "status": "assigned",
   "__v": 0
 },
 {
   "_id": "5fbf95454bc0e11fa470d8e1",
   "countryCallingCodes": "[\"+599\"]",
   "currencies": "[\"USD\"]",
   "languages": "[\"nld\"]",
   "alpha2": "BQ",
   "alpha3": "BES",
   "emoji": "🇧🇶",
   "ioc": "false",
   "name": "Bonaire, Saint Eustatius And Saba",
   "status": "assigned",
   "__v": 0
 },
 {
   "_id": "5fbf95454bc0e11fa470d8e2",
   "countryCallingCodes": "[]",
   "currencies": "[]",
   "languages": "[]",
   "alpha2": "BQ",
   "alpha3": "ATB",
   "emoji": "",
   "ioc": "false",
   "name": "British Antarctic Territory",
   "status": "deleted",
   "__v": 0
 },
 {
   "_id": "5fbf95454bc0e11fa470d8e3",
   "countryCallingCodes": "[\"+55\"]",
   "currencies": "[\"BRL\"]",
   "languages": "[\"por\"]",
   "alpha2": "BR",
   "alpha3": "BRA",
   "emoji": "🇧🇷",
   "ioc": "BRA",
   "name": "Brazil",
   "status": "assigned",
   "__v": 0
 },
 {
   "_id": "5fbf95454bc0e11fa470d8e4",
   "countryCallingCodes": "[\"+1 242\"]",
   "currencies": "[\"BSD\"]",
   "languages": "[\"eng\"]",
   "alpha2": "BS",
   "alpha3": "BHS",
   "emoji": "🇧🇸",
   "ioc": "BAH",
   "name": "Bahamas",
   "status": "assigned",
   "__v": 0
 },
 {
   "_id": "5fbf95454bc0e11fa470d8e5",
   "countryCallingCodes": "[\"+975\"]",
   "currencies": "[\"INR\",\"BTN\"]",
   "languages": "[\"dzo\"]",
   "alpha2": "BT",
   "alpha3": "BTN",
   "emoji": "🇧🇹",
   "ioc": "BHU",
   "name": "Bhutan",
   "status": "assigned",
   "__v": 0
 },
 {
   "_id": "5fbf95454bc0e11fa470d8e6",
   "countryCallingCodes": "[]",
   "currencies": "[]",
   "languages": "[]",
   "alpha2": "BU",
   "alpha3": "BUR",
   "emoji": "",
   "ioc": "false",
   "name": "Burma",
   "status": "deleted",
   "__v": 0
 },
 {
   "_id": "5fbf95454bc0e11fa470d8e7",
   "countryCallingCodes": "[]",
   "currencies": "[\"NOK\"]",
   "languages": "[]",
   "alpha2": "BV",
   "alpha3": "BVT",
   "emoji": "🇧🇻",
   "ioc": "false",
   "name": "Bouvet Island",
   "status": "assigned",
   "__v": 0
 },
 {
   "_id": "5fbf95454bc0e11fa470d8e8",
   "countryCallingCodes": "[\"+267\"]",
   "currencies": "[\"BWP\"]",
   "languages": "[\"eng\",\"tsn\"]",
   "alpha2": "BW",
   "alpha3": "BWA",
   "emoji": "🇧🇼",
   "ioc": "BOT",
   "name": "Botswana",
   "status": "assigned",
   "__v": 0
 },
 {
   "_id": "5fbf95454bc0e11fa470d8e9",
   "countryCallingCodes": "[\"+375\"]",
   "currencies": "[\"BYR\"]",
   "languages": "[\"bel\",\"rus\"]",
   "alpha2": "BY",
   "alpha3": "BLR",
   "emoji": "🇧🇾",
   "ioc": "BLR",
   "name": "Belarus",
   "status": "assigned",
   "__v": 0
 },
 {
   "_id": "5fbf95454bc0e11fa470d8ea",
   "countryCallingCodes": "[]",
   "currencies": "[]",
   "languages": "[]",
   "alpha2": "BY",
   "alpha3": "BYS",
   "emoji": "",
   "ioc": "false",
   "name": "Byelorussian SSR",
   "status": "deleted",
   "__v": 0
 },
 {
   "_id": "5fbf95454bc0e11fa470d8eb",
   "countryCallingCodes": "[\"+501\"]",
   "currencies": "[\"BZD\"]",
   "languages": "[\"eng\"]",
   "alpha2": "BZ",
   "alpha3": "BLZ",
   "emoji": "🇧🇿",
   "ioc": "BIZ",
   "name": "Belize",
   "status": "assigned",
   "__v": 0
 },
 {
   "_id": "5fbf95454bc0e11fa470d8ec",
   "countryCallingCodes": "[\"+1\"]",
   "currencies": "[\"CAD\"]",
   "languages": "[\"eng\",\"fra\"]",
   "alpha2": "CA",
   "alpha3": "CAN",
   "emoji": "🇨🇦",
   "ioc": "CAN",
   "name": "Canada",
   "status": "assigned",
   "__v": 0
 },
 {
   "_id": "5fbf95454bc0e11fa470d8ed",
   "countryCallingCodes": "[\"+61\"]",
   "currencies": "[\"AUD\"]",
   "languages": "[\"eng\"]",
   "alpha2": "CC",
   "alpha3": "CCK",
   "emoji": "🇨🇨",
   "ioc": "false",
   "name": "Cocos (Keeling) Islands",
   "status": "assigned",
   "__v": 0
 },
 {
   "_id": "5fbf95454bc0e11fa470d8ee",
   "countryCallingCodes": "[\"+243\"]",
   "currencies": "[\"CDF\"]",
   "languages": "[\"fra\",\"lin\",\"kon\",\"swa\"]",
   "alpha2": "CD",
   "alpha3": "COD",
   "emoji": "🇨🇩",
   "ioc": "COD",
   "name": "Democratic Republic Of Congo",
   "status": "assigned",
   "__v": 0
 },
 {
   "_id": "5fbf95454bc0e11fa470d8ef",
   "countryCallingCodes": "[\"+236\"]",
   "currencies": "[\"XAF\"]",
   "languages": "[\"fra\",\"sag\"]",
   "alpha2": "CF",
   "alpha3": "CAF",
   "emoji": "🇨🇫",
   "ioc": "CAF",
   "name": "Central African Republic",
   "status": "assigned",
   "__v": 0
 },
 {
   "_id": "5fbf95454bc0e11fa470d8f0",
   "countryCallingCodes": "[\"+242\"]",
   "currencies": "[\"XAF\"]",
   "languages": "[\"fra\",\"lin\"]",
   "alpha2": "CG",
   "alpha3": "COG",
   "emoji": "🇨🇬",
   "ioc": "CGO",
   "name": "Republic Of Congo",
   "status": "assigned",
   "__v": 0
 },
 {
   "_id": "5fbf95454bc0e11fa470d8f1",
   "countryCallingCodes": "[\"+41\"]",
   "currencies": "[\"CHF\",\"CHE\",\"CHW\"]",
   "languages": "[\"deu\",\"fra\",\"ita\",\"roh\"]",
   "alpha2": "CH",
   "alpha3": "CHE",
   "emoji": "🇨🇭",
   "ioc": "SUI",
   "name": "Switzerland",
   "status": "assigned",
   "__v": 0
 },
 {
   "_id": "5fbf95454bc0e11fa470d8f2",
   "countryCallingCodes": "[\"+225\"]",
   "currencies": "[\"XOF\"]",
   "languages": "[\"fra\"]",
   "alpha2": "CI",
   "alpha3": "CIV",
   "emoji": "🇨🇮",
   "ioc": "CIV",
   "name": "Côte d'Ivoire",
   "status": "assigned",
   "__v": 0
 },
 {
   "_id": "5fbf95454bc0e11fa470d8f3",
   "countryCallingCodes": "[\"+682\"]",
   "currencies": "[\"NZD\"]",
   "languages": "[\"eng\",\"mri\"]",
   "alpha2": "CK",
   "alpha3": "COK",
   "emoji": "🇨🇰",
   "ioc": "COK",
   "name": "Cook Islands",
   "status": "assigned",
   "__v": 0
 },
 {
   "_id": "5fbf95454bc0e11fa470d8f4",
   "countryCallingCodes": "[\"+56\"]",
   "currencies": "[\"CLP\",\"CLF\"]",
   "languages": "[\"spa\"]",
   "alpha2": "CL",
   "alpha3": "CHL",
   "emoji": "🇨🇱",
   "ioc": "CHI",
   "name": "Chile",
   "status": "assigned",
   "__v": 0
 },
 {
   "_id": "5fbf95454bc0e11fa470d8f5",
   "countryCallingCodes": "[\"+237\"]",
   "currencies": "[\"XAF\"]",
   "languages": "[\"eng\",\"fra\"]",
   "alpha2": "CM",
   "alpha3": "CMR",
   "emoji": "🇨🇲",
   "ioc": "CMR",
   "name": "Cameroon",
   "status": "assigned",
   "__v": 0
 },
 {
   "_id": "5fbf95454bc0e11fa470d8f6",
   "countryCallingCodes": "[\"+86\"]",
   "currencies": "[\"CNY\"]",
   "languages": "[\"zho\"]",
   "alpha2": "CN",
   "alpha3": "CHN",
   "emoji": "🇨🇳",
   "ioc": "CHN",
   "name": "China",
   "status": "assigned",
   "__v": 0
 },
 {
   "_id": "5fbf95454bc0e11fa470d8f7",
   "countryCallingCodes": "[\"+57\"]",
   "currencies": "[\"COP\",\"COU\"]",
   "languages": "[\"spa\"]",
   "alpha2": "CO",
   "alpha3": "COL",
   "emoji": "🇨🇴",
   "ioc": "COL",
   "name": "Colombia",
   "status": "assigned",
   "__v": 0
 },
 {
   "_id": "5fbf95454bc0e11fa470d8f8",
   "countryCallingCodes": "[]",
   "currencies": "[\"EUR\"]",
   "languages": "[]",
   "alpha2": "CP",
   "alpha3": "false",
   "emoji": "false",
   "ioc": "false",
   "name": "Clipperton Island",
   "status": "reserved",
   "__v": 0
 },
 {
   "_id": "5fbf95454bc0e11fa470d8f9",
   "countryCallingCodes": "[\"+506\"]",
   "currencies": "[\"CRC\"]",
   "languages": "[\"spa\"]",
   "alpha2": "CR",
   "alpha3": "CRI",
   "emoji": "🇨🇷",
   "ioc": "CRC",
   "name": "Costa Rica",
   "status": "assigned",
   "__v": 0
 },
 {
   "_id": "5fbf95454bc0e11fa470d8fa",
   "countryCallingCodes": "[]",
   "currencies": "[]",
   "languages": "[]",
   "alpha2": "CS",
   "alpha3": "CSK",
   "emoji": "",
   "ioc": "false",
   "name": "Czechoslovakia",
   "status": "deleted",
   "__v": 0
 },
 {
   "_id": "5fbf95454bc0e11fa470d8fb",
   "countryCallingCodes": "[]",
   "currencies": "[]",
   "languages": "[]",
   "alpha2": "CS",
   "alpha3": "SCG",
   "emoji": "",
   "ioc": "false",
   "name": "Serbia and Montenegro",
   "status": "deleted",
   "__v": 0
 },
 {
   "_id": "5fbf95454bc0e11fa470d8fc",
   "countryCallingCodes": "[]",
   "currencies": "[]",
   "languages": "[]",
   "alpha2": "CT",
   "alpha3": "CTE",
   "emoji": "",
   "ioc": "false",
   "name": "Canton and Enderbury Islands",
   "status": "deleted",
   "__v": 0
 },
 {
   "_id": "5fbf95454bc0e11fa470d8fd",
   "countryCallingCodes": "[\"+53\"]",
   "currencies": "[\"CUP\",\"CUC\"]",
   "languages": "[\"spa\"]",
   "alpha2": "CU",
   "alpha3": "CUB",
   "emoji": "🇨🇺",
   "ioc": "CUB",
   "name": "Cuba",
   "status": "assigned",
   "__v": 0
 },
 {
   "_id": "5fbf95454bc0e11fa470d8fe",
   "countryCallingCodes": "[\"+238\"]",
   "currencies": "[\"CVE\"]",
   "languages": "[\"por\"]",
   "alpha2": "CV",
   "alpha3": "CPV",
   "emoji": "🇨🇻",
   "ioc": "CPV",
   "name": "Cabo Verde",
   "status": "assigned",
   "__v": 0
 },
 {
   "_id": "5fbf95454bc0e11fa470d8ff",
   "countryCallingCodes": "[\"+599\"]",
   "currencies": "[\"ANG\"]",
   "languages": "[\"nld\"]",
   "alpha2": "CW",
   "alpha3": "CUW",
   "emoji": "🇨🇼",
   "ioc": "false",
   "name": "Curacao",
   "status": "assigned",
   "__v": 0
 },
 {
   "_id": "5fbf95454bc0e11fa470d900",
   "countryCallingCodes": "[\"+61\"]",
   "currencies": "[\"AUD\"]",
   "languages": "[\"eng\"]",
   "alpha2": "CX",
   "alpha3": "CXR",
   "emoji": "🇨🇽",
   "ioc": "false",
   "name": "Christmas Island",
   "status": "assigned",
   "__v": 0
 },
 {
   "_id": "5fbf95454bc0e11fa470d901",
   "countryCallingCodes": "[\"+357\"]",
   "currencies": "[\"EUR\"]",
   "languages": "[\"ell\",\"tur\"]",
   "alpha2": "CY",
   "alpha3": "CYP",
   "emoji": "🇨🇾",
   "ioc": "CYP",
   "name": "Cyprus",
   "status": "assigned",
   "__v": 0
 },
 {
   "_id": "5fbf95454bc0e11fa470d902",
   "countryCallingCodes": "[\"+420\"]",
   "currencies": "[\"CZK\"]",
   "languages": "[\"ces\"]",
   "alpha2": "CZ",
   "alpha3": "CZE",
   "emoji": "🇨🇿",
   "ioc": "CZE",
   "name": "Czech Republic",
   "status": "assigned",
   "__v": 0
 },
 {
   "_id": "5fbf95454bc0e11fa470d903",
   "countryCallingCodes": "[]",
   "currencies": "[]",
   "languages": "[]",
   "alpha2": "DD",
   "alpha3": "DDR",
   "emoji": "",
   "ioc": "false",
   "name": "German Democratic Republic",
   "status": "deleted",
   "__v": 0
 },
 {
   "_id": "5fbf95454bc0e11fa470d904",
   "countryCallingCodes": "[\"+49\"]",
   "currencies": "[\"EUR\"]",
   "languages": "[\"deu\"]",
   "alpha2": "DE",
   "alpha3": "DEU",
   "emoji": "🇩🇪",
   "ioc": "GER",
   "name": "Germany",
   "status": "assigned",
   "__v": 0
 },
 {
   "_id": "5fbf95454bc0e11fa470d905",
   "countryCallingCodes": "[]",
   "currencies": "[\"USD\"]",
   "languages": "[]",
   "alpha2": "DG",
   "alpha3": "false",
   "emoji": "false",
   "ioc": "false",
   "name": "Diego Garcia",
   "status": "reserved",
   "__v": 0
 },
 {
   "_id": "5fbf95454bc0e11fa470d906",
   "countryCallingCodes": "[\"+253\"]",
   "currencies": "[\"DJF\"]",
   "languages": "[\"ara\",\"fra\"]",
   "alpha2": "DJ",
   "alpha3": "DJI",
   "emoji": "🇩🇯",
   "ioc": "DJI",
   "name": "Djibouti",
   "status": "assigned",
   "__v": 0
 },
 {
   "_id": "5fbf95454bc0e11fa470d907",
   "countryCallingCodes": "[\"+45\"]",
   "currencies": "[\"DKK\"]",
   "languages": "[\"dan\"]",
   "alpha2": "DK",
   "alpha3": "DNK",
   "emoji": "🇩🇰",
   "ioc": "DEN",
   "name": "Denmark",
   "status": "assigned",
   "__v": 0
 },
 {
   "_id": "5fbf95454bc0e11fa470d908",
   "countryCallingCodes": "[\"+1 767\"]",
   "currencies": "[\"XCD\"]",
   "languages": "[\"eng\"]",
   "alpha2": "DM",
   "alpha3": "DMA",
   "emoji": "🇩🇲",
   "ioc": "DMA",
   "name": "Dominica",
   "status": "assigned",
   "__v": 0
 },
 {
   "_id": "5fbf95454bc0e11fa470d909",
   "countryCallingCodes": "[\"+1 809\",\"+1 829\",\"+1 849\"]",
   "currencies": "[\"DOP\"]",
   "languages": "[\"spa\"]",
   "alpha2": "DO",
   "alpha3": "DOM",
   "emoji": "🇩🇴",
   "ioc": "DOM",
   "name": "Dominican Republic",
   "status": "assigned",
   "__v": 0
 },
 {
   "_id": "5fbf95454bc0e11fa470d90a",
   "countryCallingCodes": "[]",
   "currencies": "[]",
   "languages": "[]",
   "alpha2": "DY",
   "alpha3": "DHY",
   "emoji": "",
   "ioc": "false",
   "name": "Dahomey",
   "status": "deleted",
   "__v": 0
 },
 {
   "_id": "5fbf95454bc0e11fa470d90b",
   "countryCallingCodes": "[\"+213\"]",
   "currencies": "[\"DZD\"]",
   "languages": "[\"ara\"]",
   "alpha2": "DZ",
   "alpha3": "DZA",
   "emoji": "🇩🇿",
   "ioc": "ALG",
   "name": "Algeria",
   "status": "assigned",
   "__v": 0
 },
 {
   "_id": "5fbf95454bc0e11fa470d90c",
   "countryCallingCodes": "[]",
   "currencies": "[\"EUR\"]",
   "languages": "[]",
   "alpha2": "EA",
   "alpha3": "false",
   "emoji": "false",
   "ioc": "false",
   "name": "Ceuta, Mulilla",
   "status": "reserved",
   "__v": 0
 },
 {
   "_id": "5fbf95454bc0e11fa470d90d",
   "countryCallingCodes": "[\"+593\"]",
   "currencies": "[\"USD\"]",
   "languages": "[\"spa\",\"que\"]",
   "alpha2": "EC",
   "alpha3": "ECU",
   "emoji": "🇪🇨",
   "ioc": "ECU",
   "name": "Ecuador",
   "status": "assigned",
   "__v": 0
 },
 {
   "_id": "5fbf95454bc0e11fa470d90e",
   "countryCallingCodes": "[\"+372\"]",
   "currencies": "[\"EUR\"]",
   "languages": "[\"est\"]",
   "alpha2": "EE",
   "alpha3": "EST",
   "emoji": "🇪🇪",
   "ioc": "EST",
   "name": "Estonia",
   "status": "assigned",
   "__v": 0
 },
 {
   "_id": "5fbf95454bc0e11fa470d90f",
   "countryCallingCodes": "[\"+20\"]",
   "currencies": "[\"EGP\"]",
   "languages": "[\"ara\"]",
   "alpha2": "EG",
   "alpha3": "EGY",
   "emoji": "🇪🇬",
   "ioc": "EGY",
   "name": "Egypt",
   "status": "assigned",
   "__v": 0
 },
 {
   "_id": "5fbf95454bc0e11fa470d910",
   "countryCallingCodes": "[\"+212\"]",
   "currencies": "[\"MAD\"]",
   "languages": "[]",
   "alpha2": "EH",
   "alpha3": "ESH",
   "emoji": "🇪🇭",
   "ioc": "false",
   "name": "Western Sahara",
   "status": "assigned",
   "__v": 0
 },
 {
   "_id": "5fbf95454bc0e11fa470d911",
   "countryCallingCodes": "[\"+291\"]",
   "currencies": "[\"ERN\"]",
   "languages": "[\"eng\",\"ara\",\"tir\"]",
   "alpha2": "ER",
   "alpha3": "ERI",
   "emoji": "🇪🇷",
   "ioc": "ERI",
   "name": "Eritrea",
   "status": "assigned",
   "__v": 0
 },
 {
   "_id": "5fbf95454bc0e11fa470d912",
   "countryCallingCodes": "[\"+34\"]",
   "currencies": "[\"EUR\"]",
   "languages": "[\"spa\"]",
   "alpha2": "ES",
   "alpha3": "ESP",
   "emoji": "🇪🇸",
   "ioc": "ESP",
   "name": "Spain",
   "status": "assigned",
   "__v": 0
 },
 {
   "_id": "5fbf95454bc0e11fa470d913",
   "countryCallingCodes": "[\"+251\"]",
   "currencies": "[\"ETB\"]",
   "languages": "[\"amh\"]",
   "alpha2": "ET",
   "alpha3": "ETH",
   "emoji": "🇪🇹",
   "ioc": "ETH",
   "name": "Ethiopia",
   "status": "assigned",
   "__v": 0
 },
 {
   "_id": "5fbf95454bc0e11fa470d914",
   "countryCallingCodes": "[\"+388\"]",
   "currencies": "[\"EUR\"]",
   "languages": "[]",
   "alpha2": "EU",
   "alpha3": "false",
   "emoji": "🇪🇺",
   "ioc": "false",
   "name": "European Union",
   "status": "reserved",
   "__v": 0
 },
 {
   "_id": "5fbf95454bc0e11fa470d915",
   "countryCallingCodes": "[\"+358\"]",
   "currencies": "[\"EUR\"]",
   "languages": "[\"fin\",\"swe\"]",
   "alpha2": "FI",
   "alpha3": "FIN",
   "emoji": "🇫🇮",
   "ioc": "FIN",
   "name": "Finland",
   "status": "assigned",
   "__v": 0
 },
 {
   "_id": "5fbf95454bc0e11fa470d916",
   "countryCallingCodes": "[\"+679\"]",
   "currencies": "[\"FJD\"]",
   "languages": "[\"eng\",\"fij\"]",
   "alpha2": "FJ",
   "alpha3": "FJI",
   "emoji": "🇫🇯",
   "ioc": "FIJ",
   "name": "Fiji",
   "status": "assigned",
   "__v": 0
 },
 {
   "_id": "5fbf95454bc0e11fa470d917",
   "countryCallingCodes": "[\"+500\"]",
   "currencies": "[\"FKP\"]",
   "languages": "[\"eng\"]",
   "alpha2": "FK",
   "alpha3": "FLK",
   "emoji": "🇫🇰",
   "ioc": "false",
   "name": "Falkland Islands",
   "status": "assigned",
   "__v": 0
 },
 {
   "_id": "5fbf95454bc0e11fa470d918",
   "countryCallingCodes": "[\"+691\"]",
   "currencies": "[\"USD\"]",
   "languages": "[\"eng\"]",
   "alpha2": "FM",
   "alpha3": "FSM",
   "emoji": "🇫🇲",
   "ioc": "FSM",
   "name": "Micronesia, Federated States Of",
   "status": "assigned",
   "__v": 0
 },
 {
   "_id": "5fbf95454bc0e11fa470d919",
   "countryCallingCodes": "[\"+298\"]",
   "currencies": "[\"DKK\"]",
   "languages": "[\"fao\",\"dan\"]",
   "alpha2": "FO",
   "alpha3": "FRO",
   "emoji": "🇫🇴",
   "ioc": "FAI",
   "name": "Faroe Islands",
   "status": "assigned",
   "__v": 0
 },
 {
   "_id": "5fbf95454bc0e11fa470d91a",
   "countryCallingCodes": "[]",
   "currencies": "[]",
   "languages": "[]",
   "alpha2": "FQ",
   "alpha3": "ATF",
   "emoji": "",
   "ioc": "false",
   "name": "French Southern and Antarctic Territories",
   "status": "deleted",
   "__v": 0
 },
 {
   "_id": "5fbf95454bc0e11fa470d91b",
   "countryCallingCodes": "[\"+33\"]",
   "currencies": "[\"EUR\"]",
   "languages": "[\"fra\"]",
   "alpha2": "FR",
   "alpha3": "FRA",
   "emoji": "🇫🇷",
   "ioc": "FRA",
   "name": "France",
   "status": "assigned",
   "__v": 0
 },
 {
   "_id": "5fbf95454bc0e11fa470d91c",
   "countryCallingCodes": "[\"+241\"]",
   "currencies": "[\"EUR\"]",
   "languages": "[\"fra\"]",
   "alpha2": "FX",
   "alpha3": "false",
   "emoji": "false",
   "ioc": "false",
   "name": "France, Metropolitan",
   "status": "reserved",
   "__v": 0
 },
 {
   "_id": "5fbf95454bc0e11fa470d91d",
   "countryCallingCodes": "[\"+241\"]",
   "currencies": "[\"XAF\"]",
   "languages": "[\"fra\"]",
   "alpha2": "GA",
   "alpha3": "GAB",
   "emoji": "🇬🇦",
   "ioc": "GAB",
   "name": "Gabon",
   "status": "assigned",
   "__v": 0
 },
 {
   "_id": "5fbf95454bc0e11fa470d91e",
   "countryCallingCodes": "[\"+44\"]",
   "currencies": "[\"GBP\"]",
   "languages": "[\"eng\",\"cor\",\"gle\",\"gla\",\"cym\"]",
   "alpha2": "GB",
   "alpha3": "GBR",
   "emoji": "🇬🇧",
   "ioc": "GBR",
   "name": "United Kingdom",
   "status": "assigned",
   "__v": 0
 },
 {
   "_id": "5fbf95454bc0e11fa470d91f",
   "countryCallingCodes": "[\"+473\"]",
   "currencies": "[\"XCD\"]",
   "languages": "[\"eng\"]",
   "alpha2": "GD",
   "alpha3": "GRD",
   "emoji": "🇬🇩",
   "ioc": "GRN",
   "name": "Grenada",
   "status": "assigned",
   "__v": 0
 },
 {
   "_id": "5fbf95454bc0e11fa470d920",
   "countryCallingCodes": "[\"+995\"]",
   "currencies": "[\"GEL\"]",
   "languages": "[\"kat\"]",
   "alpha2": "GE",
   "alpha3": "GEO",
   "emoji": "🇬🇪",
   "ioc": "GEO",
   "name": "Georgia",
   "status": "assigned",
   "__v": 0
 },
 {
   "_id": "5fbf95454bc0e11fa470d921",
   "countryCallingCodes": "[]",
   "currencies": "[]",
   "languages": "[]",
   "alpha2": "GE",
   "alpha3": "GEL",
   "emoji": "",
   "ioc": "false",
   "name": "Gilbert and Ellice Islands",
   "status": "deleted",
   "__v": 0
 },
 {
   "_id": "5fbf95454bc0e11fa470d922",
   "countryCallingCodes": "[\"+594\"]",
   "currencies": "[\"EUR\"]",
   "languages": "[\"fra\"]",
   "alpha2": "GF",
   "alpha3": "GUF",
   "emoji": "🇬🇫",
   "ioc": "false",
   "name": "French Guiana",
   "status": "assigned",
   "__v": 0
 },
 {
   "_id": "5fbf95454bc0e11fa470d923",
   "countryCallingCodes": "[\"+44\"]",
   "currencies": "[\"GBP\"]",
   "languages": "[\"fra\"]",
   "alpha2": "GG",
   "alpha3": "GGY",
   "emoji": "🇬🇬",
   "ioc": "GCI",
   "name": "Guernsey",
   "status": "assigned",
   "__v": 0
 },
 {
   "_id": "5fbf95454bc0e11fa470d924",
   "countryCallingCodes": "[\"+233\"]",
   "currencies": "[\"GHS\"]",
   "languages": "[\"eng\"]",
   "alpha2": "GH",
   "alpha3": "GHA",
   "emoji": "🇬🇭",
   "ioc": "GHA",
   "name": "Ghana",
   "status": "assigned",
   "__v": 0
 },
 {
   "_id": "5fbf95454bc0e11fa470d925",
   "countryCallingCodes": "[\"+350\"]",
   "currencies": "[\"GIP\"]",
   "languages": "[\"eng\"]",
   "alpha2": "GI",
   "alpha3": "GIB",
   "emoji": "🇬🇮",
   "ioc": "false",
   "name": "Gibraltar",
   "status": "assigned",
   "__v": 0
 },
 {
   "_id": "5fbf95454bc0e11fa470d926",
   "countryCallingCodes": "[\"+299\"]",
   "currencies": "[\"DKK\"]",
   "languages": "[\"kal\"]",
   "alpha2": "GL",
   "alpha3": "GRL",
   "emoji": "🇬🇱",
   "ioc": "false",
   "name": "Greenland",
   "status": "assigned",
   "__v": 0
 },
 {
   "_id": "5fbf95454bc0e11fa470d927",
   "countryCallingCodes": "[\"+220\"]",
   "currencies": "[\"GMD\"]",
   "languages": "[\"eng\"]",
   "alpha2": "GM",
   "alpha3": "GMB",
   "emoji": "🇬🇲",
   "ioc": "GAM",
   "name": "Gambia",
   "status": "assigned",
   "__v": 0
 },
 {
   "_id": "5fbf95454bc0e11fa470d928",
   "countryCallingCodes": "[\"+224\"]",
   "currencies": "[\"GNF\"]",
   "languages": "[\"fra\"]",
   "alpha2": "GN",
   "alpha3": "GIN",
   "emoji": "🇬🇳",
   "ioc": "GUI",
   "name": "Guinea",
   "status": "assigned",
   "__v": 0
 },
 {
   "_id": "5fbf95454bc0e11fa470d929",
   "countryCallingCodes": "[\"+590\"]",
   "currencies": "[\"EUR\"]",
   "languages": "[\"fra\"]",
   "alpha2": "GP",
   "alpha3": "GLP",
   "emoji": "🇬🇵",
   "ioc": "false",
   "name": "Guadeloupe",
   "status": "assigned",
   "__v": 0
 },
 {
   "_id": "5fbf95454bc0e11fa470d92a",
   "countryCallingCodes": "[\"+240\"]",
   "currencies": "[\"XAF\"]",
   "languages": "[\"spa\",\"fra\",\"por\"]",
   "alpha2": "GQ",
   "alpha3": "GNQ",
   "emoji": "🇬🇶",
   "ioc": "GEQ",
   "name": "Equatorial Guinea",
   "status": "assigned",
   "__v": 0
 },
 {
   "_id": "5fbf95454bc0e11fa470d92b",
   "countryCallingCodes": "[\"+30\"]",
   "currencies": "[\"EUR\"]",
   "languages": "[\"ell\"]",
   "alpha2": "GR",
   "alpha3": "GRC",
   "emoji": "🇬🇷",
   "ioc": "GRE",
   "name": "Greece",
   "status": "assigned",
   "__v": 0
 },
 {
   "_id": "5fbf95454bc0e11fa470d92c",
   "countryCallingCodes": "[]",
   "currencies": "[\"GBP\"]",
   "languages": "[\"eng\"]",
   "alpha2": "GS",
   "alpha3": "SGS",
   "emoji": "🇬🇸",
   "ioc": "false",
   "name": "South Georgia And The South Sandwich Islands",
   "status": "assigned",
   "__v": 0
 },
 {
   "_id": "5fbf95454bc0e11fa470d92d",
   "countryCallingCodes": "[\"+502\"]",
   "currencies": "[\"GTQ\"]",
   "languages": "[\"spa\"]",
   "alpha2": "GT",
   "alpha3": "GTM",
   "emoji": "🇬🇹",
   "ioc": "GUA",
   "name": "Guatemala",
   "status": "assigned",
   "__v": 0
 },
 {
   "_id": "5fbf95454bc0e11fa470d92e",
   "countryCallingCodes": "[\"+1 671\"]",
   "currencies": "[\"USD\"]",
   "languages": "[\"eng\"]",
   "alpha2": "GU",
   "alpha3": "GUM",
   "emoji": "🇬🇺",
   "ioc": "GUM",
   "name": "Guam",
   "status": "assigned",
   "__v": 0
 },
 {
   "_id": "5fbf95454bc0e11fa470d92f",
   "countryCallingCodes": "[\"+245\"]",
   "currencies": "[\"XOF\"]",
   "languages": "[\"por\"]",
   "alpha2": "GW",
   "alpha3": "GNB",
   "emoji": "🇬🇼",
   "ioc": "GBS",
   "name": "Guinea-bissau",
   "status": "assigned",
   "__v": 0
 },
 {
   "_id": "5fbf95454bc0e11fa470d930",
   "countryCallingCodes": "[\"+592\"]",
   "currencies": "[\"GYD\"]",
   "languages": "[\"eng\"]",
   "alpha2": "GY",
   "alpha3": "GUY",
   "emoji": "🇬🇾",
   "ioc": "GUY",
   "name": "Guyana",
   "status": "assigned",
   "__v": 0
 },
 {
   "_id": "5fbf95454bc0e11fa470d931",
   "countryCallingCodes": "[\"+852\"]",
   "currencies": "[\"HKD\"]",
   "languages": "[\"zho\",\"eng\"]",
   "alpha2": "HK",
   "alpha3": "HKG",
   "emoji": "🇭🇰",
   "ioc": "HKG",
   "name": "Hong Kong",
   "status": "assigned",
   "__v": 0
 },
 {
   "_id": "5fbf95454bc0e11fa470d932",
   "countryCallingCodes": "[]",
   "currencies": "[\"AUD\"]",
   "languages": "[]",
   "alpha2": "HM",
   "alpha3": "HMD",
   "emoji": "🇭🇲",
   "ioc": "false",
   "name": "Heard Island And McDonald Islands",
   "status": "assigned",
   "__v": 0
 },
 {
   "_id": "5fbf95454bc0e11fa470d933",
   "countryCallingCodes": "[\"+504\"]",
   "currencies": "[\"HNL\"]",
   "languages": "[\"spa\"]",
   "alpha2": "HN",
   "alpha3": "HND",
   "emoji": "🇭🇳",
   "ioc": "HON",
   "name": "Honduras",
   "status": "assigned",
   "__v": 0
 },
 {
   "_id": "5fbf95454bc0e11fa470d934",
   "countryCallingCodes": "[\"+385\"]",
   "currencies": "[\"HRK\"]",
   "languages": "[\"hrv\"]",
   "alpha2": "HR",
   "alpha3": "HRV",
   "emoji": "🇭🇷",
   "ioc": "CRO",
   "name": "Croatia",
   "status": "assigned",
   "__v": 0
 },
 {
   "_id": "5fbf95454bc0e11fa470d935",
   "countryCallingCodes": "[\"+509\"]",
   "currencies": "[\"HTG\",\"USD\"]",
   "languages": "[\"fra\",\"hat\"]",
   "alpha2": "HT",
   "alpha3": "HTI",
   "emoji": "🇭🇹",
   "ioc": "HAI",
   "name": "Haiti",
   "status": "assigned",
   "__v": 0
 },
 {
   "_id": "5fbf95454bc0e11fa470d936",
   "countryCallingCodes": "[\"+36\"]",
   "currencies": "[\"HUF\"]",
   "languages": "[\"hun\"]",
   "alpha2": "HU",
   "alpha3": "HUN",
   "emoji": "🇭🇺",
   "ioc": "HUN",
   "name": "Hungary",
   "status": "assigned",
   "__v": 0
 },
 {
   "_id": "5fbf95454bc0e11fa470d937",
   "countryCallingCodes": "[]",
   "currencies": "[]",
   "languages": "[]",
   "alpha2": "HV",
   "alpha3": "HVO",
   "emoji": "",
   "ioc": "false",
   "name": "Upper Volta",
   "status": "deleted",
   "__v": 0
 },
 {
   "_id": "5fbf95454bc0e11fa470d938",
   "countryCallingCodes": "[]",
   "currencies": "[\"EUR\"]",
   "languages": "[]",
   "alpha2": "IC",
   "alpha3": "false",
   "emoji": "false",
   "ioc": "false",
   "name": "Canary Islands",
   "status": "reserved",
   "__v": 0
 },
 {
   "_id": "5fbf95454bc0e11fa470d939",
   "countryCallingCodes": "[\"+62\"]",
   "currencies": "[\"IDR\"]",
   "languages": "[\"ind\"]",
   "alpha2": "ID",
   "alpha3": "IDN",
   "emoji": "🇮🇩",
   "ioc": "INA",
   "name": "Indonesia",
   "status": "assigned",
   "__v": 0
 },
 {
   "_id": "5fbf95454bc0e11fa470d93a",
   "countryCallingCodes": "[\"+353\"]",
   "currencies": "[\"EUR\"]",
   "languages": "[\"eng\",\"gle\"]",
   "alpha2": "IE",
   "alpha3": "IRL",
   "emoji": "🇮🇪",
   "ioc": "IRL",
   "name": "Ireland",
   "status": "assigned",
   "__v": 0
 },
 {
   "_id": "5fbf95454bc0e11fa470d93b",
   "countryCallingCodes": "[\"+972\"]",
   "currencies": "[\"ILS\"]",
   "languages": "[\"heb\",\"ara\",\"eng\"]",
   "alpha2": "IL",
   "alpha3": "ISR",
   "emoji": "🇮🇱",
   "ioc": "ISR",
   "name": "Israel",
   "status": "assigned",
   "__v": 0
 },
 {
   "_id": "5fbf95454bc0e11fa470d93c",
   "countryCallingCodes": "[\"+44\"]",
   "currencies": "[\"GBP\"]",
   "languages": "[\"eng\",\"glv\"]",
   "alpha2": "IM",
   "alpha3": "IMN",
   "emoji": "🇮🇲",
   "ioc": "false",
   "name": "Isle Of Man",
   "status": "assigned",
   "__v": 0
 },
 {
   "_id": "5fbf95454bc0e11fa470d93d",
   "countryCallingCodes": "[\"+91\"]",
   "currencies": "[\"INR\"]",
   "languages": "[\"eng\",\"hin\"]",
   "alpha2": "IN",
   "alpha3": "IND",
   "emoji": "🇮🇳",
   "ioc": "IND",
   "name": "India",
   "status": "assigned",
   "__v": 0
 },
 {
   "_id": "5fbf95454bc0e11fa470d93e",
   "countryCallingCodes": "[\"+246\"]",
   "currencies": "[\"USD\"]",
   "languages": "[\"eng\"]",
   "alpha2": "IO",
   "alpha3": "IOT",
   "emoji": "🇮🇴",
   "ioc": "false",
   "name": "British Indian Ocean Territory",
   "status": "assigned",
   "__v": 0
 },
 {
   "_id": "5fbf95454bc0e11fa470d93f",
   "countryCallingCodes": "[\"+964\"]",
   "currencies": "[\"IQD\"]",
   "languages": "[\"ara\",\"kur\"]",
   "alpha2": "IQ",
   "alpha3": "IRQ",
   "emoji": "🇮🇶",
   "ioc": "IRQ",
   "name": "Iraq",
   "status": "assigned",
   "__v": 0
 },
 {
   "_id": "5fbf95454bc0e11fa470d940",
   "countryCallingCodes": "[\"+98\"]",
   "currencies": "[\"IRR\"]",
   "languages": "[\"fas\"]",
   "alpha2": "IR",
   "alpha3": "IRN",
   "emoji": "🇮🇷",
   "ioc": "IRI",
   "name": "Iran, Islamic Republic Of",
   "status": "assigned",
   "__v": 0
 },
 {
   "_id": "5fbf95454bc0e11fa470d941",
   "countryCallingCodes": "[\"+354\"]",
   "currencies": "[\"ISK\"]",
   "languages": "[\"isl\"]",
   "alpha2": "IS",
   "alpha3": "ISL",
   "emoji": "🇮🇸",
   "ioc": "ISL",
   "name": "Iceland",
   "status": "assigned",
   "__v": 0
 },
 {
   "_id": "5fbf95454bc0e11fa470d942",
   "countryCallingCodes": "[\"+39\"]",
   "currencies": "[\"EUR\"]",
   "languages": "[\"ita\"]",
   "alpha2": "IT",
   "alpha3": "ITA",
   "emoji": "🇮🇹",
   "ioc": "ITA",
   "name": "Italy",
   "status": "assigned",
   "__v": 0
 },
 {
   "_id": "5fbf95454bc0e11fa470d943",
   "countryCallingCodes": "[\"+44\"]",
   "currencies": "[\"GBP\"]",
   "languages": "[\"eng\",\"fra\"]",
   "alpha2": "JE",
   "alpha3": "JEY",
   "emoji": "🇯🇪",
   "ioc": "JCI",
   "name": "Jersey",
   "status": "assigned",
   "__v": 0
 },
 {
   "_id": "5fbf95454bc0e11fa470d944",
   "countryCallingCodes": "[\"+1 876\"]",
   "currencies": "[\"JMD\"]",
   "languages": "[\"eng\"]",
   "alpha2": "JM",
   "alpha3": "JAM",
   "emoji": "🇯🇲",
   "ioc": "JAM",
   "name": "Jamaica",
   "status": "assigned",
   "__v": 0
 },
 {
   "_id": "5fbf95454bc0e11fa470d945",
   "countryCallingCodes": "[\"+962\"]",
   "currencies": "[\"JOD\"]",
   "languages": "[\"ara\"]",
   "alpha2": "JO",
   "alpha3": "JOR",
   "emoji": "🇯🇴",
   "ioc": "JOR",
   "name": "Jordan",
   "status": "assigned",
   "__v": 0
 },
 {
   "_id": "5fbf95454bc0e11fa470d946",
   "countryCallingCodes": "[\"+81\"]",
   "currencies": "[\"JPY\"]",
   "languages": "[\"jpn\"]",
   "alpha2": "JP",
   "alpha3": "JPN",
   "emoji": "🇯🇵",
   "ioc": "JPN",
   "name": "Japan",
   "status": "assigned",
   "__v": 0
 },
 {
   "_id": "5fbf95454bc0e11fa470d947",
   "countryCallingCodes": "[]",
   "currencies": "[]",
   "languages": "[]",
   "alpha2": "JT",
   "alpha3": "JTN",
   "emoji": "",
   "ioc": "false",
   "name": "Johnston Island",
   "status": "deleted",
   "__v": 0
 },
 {
   "_id": "5fbf95454bc0e11fa470d948",
   "countryCallingCodes": "[\"+254\"]",
   "currencies": "[\"KES\"]",
   "languages": "[\"eng\",\"swa\"]",
   "alpha2": "KE",
   "alpha3": "KEN",
   "emoji": "🇰🇪",
   "ioc": "KEN",
   "name": "Kenya",
   "status": "assigned",
   "__v": 0
 },
 {
   "_id": "5fbf95454bc0e11fa470d949",
   "countryCallingCodes": "[\"+996\"]",
   "currencies": "[\"KGS\"]",
   "languages": "[\"rus\"]",
   "alpha2": "KG",
   "alpha3": "KGZ",
   "emoji": "🇰🇬",
   "ioc": "KGZ",
   "name": "Kyrgyzstan",
   "status": "assigned",
   "__v": 0
 },
 {
   "_id": "5fbf95454bc0e11fa470d94a",
   "countryCallingCodes": "[\"+855\"]",
   "currencies": "[\"KHR\"]",
   "languages": "[\"khm\"]",
   "alpha2": "KH",
   "alpha3": "KHM",
   "emoji": "🇰🇭",
   "ioc": "CAM",
   "name": "Cambodia",
   "status": "assigned",
   "__v": 0
 },
 {
   "_id": "5fbf95454bc0e11fa470d94b",
   "countryCallingCodes": "[\"+686\"]",
   "currencies": "[\"AUD\"]",
   "languages": "[\"eng\"]",
   "alpha2": "KI",
   "alpha3": "KIR",
   "emoji": "🇰🇮",
   "ioc": "KIR",
   "name": "Kiribati",
   "status": "assigned",
   "__v": 0
 },
 {
   "_id": "5fbf95454bc0e11fa470d94c",
   "countryCallingCodes": "[\"+269\"]",
   "currencies": "[\"KMF\"]",
   "languages": "[\"ara\",\"fra\"]",
   "alpha2": "KM",
   "alpha3": "COM",
   "emoji": "🇰🇲",
   "ioc": "COM",
   "name": "Comoros",
   "status": "assigned",
   "__v": 0
 },
 {
   "_id": "5fbf95454bc0e11fa470d94d",
   "countryCallingCodes": "[\"+1 869\"]",
   "currencies": "[\"XCD\"]",
   "languages": "[\"eng\"]",
   "alpha2": "KN",
   "alpha3": "KNA",
   "emoji": "🇰🇳",
   "ioc": "SKN",
   "name": "Saint Kitts And Nevis",
   "status": "assigned",
   "__v": 0
 },
 {
   "_id": "5fbf95454bc0e11fa470d94e",
   "countryCallingCodes": "[\"+850\"]",
   "currencies": "[\"KPW\"]",
   "languages": "[\"kor\"]",
   "alpha2": "KP",
   "alpha3": "PRK",
   "emoji": "🇰🇵",
   "ioc": "PRK",
   "name": "Korea, Democratic People's Republic Of",
   "status": "assigned",
   "__v": 0
 },
 {
   "_id": "5fbf95454bc0e11fa470d94f",
   "countryCallingCodes": "[\"+82\"]",
   "currencies": "[\"KRW\"]",
   "languages": "[\"kor\"]",
   "alpha2": "KR",
   "alpha3": "KOR",
   "emoji": "🇰🇷",
   "ioc": "KOR",
   "name": "Korea, Republic Of",
   "status": "assigned",
   "__v": 0
 },
 {
   "_id": "5fbf95454bc0e11fa470d950",
   "countryCallingCodes": "[\"+965\"]",
   "currencies": "[\"KWD\"]",
   "languages": "[\"ara\"]",
   "alpha2": "KW",
   "alpha3": "KWT",
   "emoji": "🇰🇼",
   "ioc": "KUW",
   "name": "Kuwait",
   "status": "assigned",
   "__v": 0
 },
 {
   "_id": "5fbf95454bc0e11fa470d951",
   "countryCallingCodes": "[\"+1 345\"]",
   "currencies": "[\"KYD\"]",
   "languages": "[\"eng\"]",
   "alpha2": "KY",
   "alpha3": "CYM",
   "emoji": "🇰🇾",
   "ioc": "CAY",
   "name": "Cayman Islands",
   "status": "assigned",
   "__v": 0
 },
 {
   "_id": "5fbf95454bc0e11fa470d952",
   "countryCallingCodes": "[\"+7\",\"+7 6\",\"+7 7\"]",
   "currencies": "[\"KZT\"]",
   "languages": "[\"kaz\",\"rus\"]",
   "alpha2": "KZ",
   "alpha3": "KAZ",
   "emoji": "🇰🇿",
   "ioc": "KAZ",
   "name": "Kazakhstan",
   "status": "assigned",
   "__v": 0
 },
 {
   "_id": "5fbf95454bc0e11fa470d953",
   "countryCallingCodes": "[\"+856\"]",
   "currencies": "[\"LAK\"]",
   "languages": "[\"lao\"]",
   "alpha2": "LA",
   "alpha3": "LAO",
   "emoji": "🇱🇦",
   "ioc": "LAO",
   "name": "Lao People's Democratic Republic",
   "status": "assigned",
   "__v": 0
 },
 {
   "_id": "5fbf95454bc0e11fa470d954",
   "countryCallingCodes": "[\"+961\"]",
   "currencies": "[\"LBP\"]",
   "languages": "[\"ara\",\"hye\"]",
   "alpha2": "LB",
   "alpha3": "LBN",
   "emoji": "🇱🇧",
   "ioc": "LIB",
   "name": "Lebanon",
   "status": "assigned",
   "__v": 0
 },
 {
   "_id": "5fbf95454bc0e11fa470d955",
   "countryCallingCodes": "[\"+1 758\"]",
   "currencies": "[\"XCD\"]",
   "languages": "[\"eng\"]",
   "alpha2": "LC",
   "alpha3": "LCA",
   "emoji": "🇱🇨",
   "ioc": "LCA",
   "name": "Saint Lucia",
   "status": "assigned",
   "__v": 0
 },
 {
   "_id": "5fbf95454bc0e11fa470d956",
   "countryCallingCodes": "[\"+423\"]",
   "currencies": "[\"CHF\"]",
   "languages": "[\"deu\"]",
   "alpha2": "LI",
   "alpha3": "LIE",
   "emoji": "🇱🇮",
   "ioc": "LIE",
   "name": "Liechtenstein",
   "status": "assigned",
   "__v": 0
 },
 {
   "_id": "5fbf95454bc0e11fa470d957",
   "countryCallingCodes": "[\"+94\"]",
   "currencies": "[\"LKR\"]",
   "languages": "[\"sin\",\"tam\"]",
   "alpha2": "LK",
   "alpha3": "LKA",
   "emoji": "🇱🇰",
   "ioc": "SRI",
   "name": "Sri Lanka",
   "status": "assigned",
   "__v": 0
 },
 {
   "_id": "5fbf95454bc0e11fa470d958",
   "countryCallingCodes": "[\"+231\"]",
   "currencies": "[\"LRD\"]",
   "languages": "[\"eng\"]",
   "alpha2": "LR",
   "alpha3": "LBR",
   "emoji": "🇱🇷",
   "ioc": "LBR",
   "name": "Liberia",
   "status": "assigned",
   "__v": 0
 },
 {
   "_id": "5fbf95454bc0e11fa470d959",
   "countryCallingCodes": "[\"+266\"]",
   "currencies": "[\"LSL\",\"ZAR\"]",
   "languages": "[\"eng\",\"sot\"]",
   "alpha2": "LS",
   "alpha3": "LSO",
   "emoji": "🇱🇸",
   "ioc": "LES",
   "name": "Lesotho",
   "status": "assigned",
   "__v": 0
 },
 {
   "_id": "5fbf95454bc0e11fa470d95a",
   "countryCallingCodes": "[\"+370\"]",
   "currencies": "[\"EUR\"]",
   "languages": "[\"lit\"]",
   "alpha2": "LT",
   "alpha3": "LTU",
   "emoji": "🇱🇹",
   "ioc": "LTU",
   "name": "Lithuania",
   "status": "assigned",
   "__v": 0
 },
 {
   "_id": "5fbf95454bc0e11fa470d95b",
   "countryCallingCodes": "[\"+352\"]",
   "currencies": "[\"EUR\"]",
   "languages": "[\"fra\",\"deu\",\"ltz\"]",
   "alpha2": "LU",
   "alpha3": "LUX",
   "emoji": "🇱🇺",
   "ioc": "LUX",
   "name": "Luxembourg",
   "status": "assigned",
   "__v": 0
 },
 {
   "_id": "5fbf95454bc0e11fa470d95c",
   "countryCallingCodes": "[\"+371\"]",
   "currencies": "[\"EUR\"]",
   "languages": "[\"lav\"]",
   "alpha2": "LV",
   "alpha3": "LVA",
   "emoji": "🇱🇻",
   "ioc": "LAT",
   "name": "Latvia",
   "status": "assigned",
   "__v": 0
 },
 {
   "_id": "5fbf95454bc0e11fa470d95d",
   "countryCallingCodes": "[\"+218\"]",
   "currencies": "[\"LYD\"]",
   "languages": "[\"ara\"]",
   "alpha2": "LY",
   "alpha3": "LBY",
   "emoji": "🇱🇾",
   "ioc": "LBA",
   "name": "Libya",
   "status": "assigned",
   "__v": 0
 },
 {
   "_id": "5fbf95454bc0e11fa470d95e",
   "countryCallingCodes": "[\"+212\"]",
   "currencies": "[\"MAD\"]",
   "languages": "[\"ara\"]",
   "alpha2": "MA",
   "alpha3": "MAR",
   "emoji": "🇲🇦",
   "ioc": "MAR",
   "name": "Morocco",
   "status": "assigned",
   "__v": 0
 },
 {
   "_id": "5fbf95454bc0e11fa470d95f",
   "countryCallingCodes": "[\"+377\"]",
   "currencies": "[\"EUR\"]",
   "languages": "[\"fra\"]",
   "alpha2": "MC",
   "alpha3": "MCO",
   "emoji": "🇲🇨",
   "ioc": "MON",
   "name": "Monaco",
   "status": "assigned",
   "__v": 0
 },
 {
   "_id": "5fbf95454bc0e11fa470d960",
   "countryCallingCodes": "[\"+373\"]",
   "currencies": "[\"MDL\"]",
   "languages": "[\"ron\"]",
   "alpha2": "MD",
   "alpha3": "MDA",
   "emoji": "🇲🇩",
   "ioc": "MDA",
   "name": "Moldova",
   "status": "assigned",
   "__v": 0
 },
 {
   "_id": "5fbf95454bc0e11fa470d961",
   "countryCallingCodes": "[\"+382\"]",
   "currencies": "[\"EUR\"]",
   "languages": "[\"mot\"]",
   "alpha2": "ME",
   "alpha3": "MNE",
   "emoji": "🇲🇪",
   "ioc": "MNE",
   "name": "Montenegro",
   "status": "assigned",
   "__v": 0
 },
 {
   "_id": "5fbf95454bc0e11fa470d962",
   "countryCallingCodes": "[\"+590\"]",
   "currencies": "[\"EUR\"]",
   "languages": "[\"fra\"]",
   "alpha2": "MF",
   "alpha3": "MAF",
   "emoji": "🇲🇫",
   "ioc": "false",
   "name": "Saint Martin",
   "status": "assigned",
   "__v": 0
 },
 {
   "_id": "5fbf95454bc0e11fa470d963",
   "countryCallingCodes": "[\"+261\"]",
   "currencies": "[\"MGA\"]",
   "languages": "[\"fra\",\"mlg\"]",
   "alpha2": "MG",
   "alpha3": "MDG",
   "emoji": "🇲🇬",
   "ioc": "MAD",
   "name": "Madagascar",
   "status": "assigned",
   "__v": 0
 },
 {
   "_id": "5fbf95454bc0e11fa470d964",
   "countryCallingCodes": "[\"+692\"]",
   "currencies": "[\"USD\"]",
   "languages": "[\"eng\",\"mah\"]",
   "alpha2": "MH",
   "alpha3": "MHL",
   "emoji": "🇲🇭",
   "ioc": "MHL",
   "name": "Marshall Islands",
   "status": "assigned",
   "__v": 0
 },
 {
   "_id": "5fbf95454bc0e11fa470d965",
   "countryCallingCodes": "[]",
   "currencies": "[]",
   "languages": "[]",
   "alpha2": "MI",
   "alpha3": "MID",
   "emoji": "",
   "ioc": "false",
   "name": "Midway Islands",
   "status": "deleted",
   "__v": 0
 },
 {
   "_id": "5fbf95454bc0e11fa470d966",
   "countryCallingCodes": "[\"+389\"]",
   "currencies": "[\"MKD\"]",
   "languages": "[\"mkd\"]",
   "alpha2": "MK",
   "alpha3": "MKD",
   "emoji": "🇲🇰",
   "ioc": "MKD",
   "name": "Macedonia, The Former Yugoslav Republic Of",
   "status": "assigned",
   "__v": 0
 },
 {
   "_id": "5fbf95454bc0e11fa470d967",
   "countryCallingCodes": "[\"+223\"]",
   "currencies": "[\"XOF\"]",
   "languages": "[\"fra\"]",
   "alpha2": "ML",
   "alpha3": "MLI",
   "emoji": "🇲🇱",
   "ioc": "MLI",
   "name": "Mali",
   "status": "assigned",
   "__v": 0
 },
 {
   "_id": "5fbf95454bc0e11fa470d968",
   "countryCallingCodes": "[\"+95\"]",
   "currencies": "[\"MMK\"]",
   "languages": "[\"mya\"]",
   "alpha2": "MM",
   "alpha3": "MMR",
   "emoji": "🇲🇲",
   "ioc": "MYA",
   "name": "Myanmar",
   "status": "assigned",
   "__v": 0
 },
 {
   "_id": "5fbf95454bc0e11fa470d969",
   "countryCallingCodes": "[\"+976\"]",
   "currencies": "[\"MNT\"]",
   "languages": "[\"mon\"]",
   "alpha2": "MN",
   "alpha3": "MNG",
   "emoji": "🇲🇳",
   "ioc": "MGL",
   "name": "Mongolia",
   "status": "assigned",
   "__v": 0
 },
 {
   "_id": "5fbf95454bc0e11fa470d96a",
   "countryCallingCodes": "[\"+853\"]",
   "currencies": "[\"MOP\"]",
   "languages": "[\"zho\",\"por\"]",
   "alpha2": "MO",
   "alpha3": "MAC",
   "emoji": "🇲🇴",
   "ioc": "MAC",
   "name": "Macao",
   "status": "assigned",
   "__v": 0
 },
 {
   "_id": "5fbf95454bc0e11fa470d96b",
   "countryCallingCodes": "[\"+1 670\"]",
   "currencies": "[\"USD\"]",
   "languages": "[\"eng\"]",
   "alpha2": "MP",
   "alpha3": "MNP",
   "emoji": "🇲🇵",
   "ioc": "false",
   "name": "Northern Mariana Islands",
   "status": "assigned",
   "__v": 0
 },
 {
   "_id": "5fbf95454bc0e11fa470d96c",
   "countryCallingCodes": "[\"+596\"]",
   "currencies": "[\"EUR\"]",
   "languages": "[]",
   "alpha2": "MQ",
   "alpha3": "MTQ",
   "emoji": "🇲🇶",
   "ioc": "false",
   "name": "Martinique",
   "status": "assigned",
   "__v": 0
 },
 {
   "_id": "5fbf95454bc0e11fa470d96d",
   "countryCallingCodes": "[\"+222\"]",
   "currencies": "[\"MRO\"]",
   "languages": "[\"ara\",\"fra\"]",
   "alpha2": "MR",
   "alpha3": "MRT",
   "emoji": "🇲🇷",
   "ioc": "MTN",
   "name": "Mauritania",
   "status": "assigned",
   "__v": 0
 },
 {
   "_id": "5fbf95454bc0e11fa470d96e",
   "countryCallingCodes": "[\"+1 664\"]",
   "currencies": "[\"XCD\"]",
   "languages": "[]",
   "alpha2": "MS",
   "alpha3": "MSR",
   "emoji": "🇲🇸",
   "ioc": "false",
   "name": "Montserrat",
   "status": "assigned",
   "__v": 0
 },
 {
   "_id": "5fbf95454bc0e11fa470d96f",
   "countryCallingCodes": "[\"+356\"]",
   "currencies": "[\"EUR\"]",
   "languages": "[\"mlt\",\"eng\"]",
   "alpha2": "MT",
   "alpha3": "MLT",
   "emoji": "🇲🇹",
   "ioc": "MLT",
   "name": "Malta",
   "status": "assigned",
   "__v": 0
 },
 {
   "_id": "5fbf95454bc0e11fa470d970",
   "countryCallingCodes": "[\"+230\"]",
   "currencies": "[\"MUR\"]",
   "languages": "[\"eng\",\"fra\"]",
   "alpha2": "MU",
   "alpha3": "MUS",
   "emoji": "🇲🇺",
   "ioc": "MRI",
   "name": "Mauritius",
   "status": "assigned",
   "__v": 0
 },
 {
   "_id": "5fbf95454bc0e11fa470d971",
   "countryCallingCodes": "[\"+960\"]",
   "currencies": "[\"MVR\"]",
   "languages": "[\"div\"]",
   "alpha2": "MV",
   "alpha3": "MDV",
   "emoji": "🇲🇻",
   "ioc": "MDV",
   "name": "Maldives",
   "status": "assigned",
   "__v": 0
 },
 {
   "_id": "5fbf95454bc0e11fa470d972",
   "countryCallingCodes": "[\"+265\"]",
   "currencies": "[\"MWK\"]",
   "languages": "[\"eng\",\"nya\"]",
   "alpha2": "MW",
   "alpha3": "MWI",
   "emoji": "🇲🇼",
   "ioc": "MAW",
   "name": "Malawi",
   "status": "assigned",
   "__v": 0
 },
 {
   "_id": "5fbf95454bc0e11fa470d973",
   "countryCallingCodes": "[\"+52\"]",
   "currencies": "[\"MXN\",\"MXV\"]",
   "languages": "[\"spa\"]",
   "alpha2": "MX",
   "alpha3": "MEX",
   "emoji": "🇲🇽",
   "ioc": "MEX",
   "name": "Mexico",
   "status": "assigned",
   "__v": 0
 },
 {
   "_id": "5fbf95454bc0e11fa470d974",
   "countryCallingCodes": "[\"+60\"]",
   "currencies": "[\"MYR\"]",
   "languages": "[\"msa\",\"eng\"]",
   "alpha2": "MY",
   "alpha3": "MYS",
   "emoji": "🇲🇾",
   "ioc": "MAS",
   "name": "Malaysia",
   "status": "assigned",
   "__v": 0
 },
 {
   "_id": "5fbf95454bc0e11fa470d975",
   "countryCallingCodes": "[\"+258\"]",
   "currencies": "[\"MZN\"]",
   "languages": "[\"por\"]",
   "alpha2": "MZ",
   "alpha3": "MOZ",
   "emoji": "🇲🇿",
   "ioc": "MOZ",
   "name": "Mozambique",
   "status": "assigned",
   "__v": 0
 },
 {
   "_id": "5fbf95454bc0e11fa470d976",
   "countryCallingCodes": "[\"+264\"]",
   "currencies": "[\"NAD\",\"ZAR\"]",
   "languages": "[\"eng\"]",
   "alpha2": "NA",
   "alpha3": "NAM",
   "emoji": "🇳🇦",
   "ioc": "NAM",
   "name": "Namibia",
   "status": "assigned",
   "__v": 0
 },
 {
   "_id": "5fbf95454bc0e11fa470d977",
   "countryCallingCodes": "[\"+687\"]",
   "currencies": "[\"XPF\"]",
   "languages": "[\"fra\"]",
   "alpha2": "NC",
   "alpha3": "NCL",
   "emoji": "🇳🇨",
   "ioc": "false",
   "name": "New Caledonia",
   "status": "assigned",
   "__v": 0
 },
 {
   "_id": "5fbf95454bc0e11fa470d978",
   "countryCallingCodes": "[\"+227\"]",
   "currencies": "[\"XOF\"]",
   "languages": "[\"fra\"]",
   "alpha2": "NE",
   "alpha3": "NER",
   "emoji": "🇳🇪",
   "ioc": "NIG",
   "name": "Niger",
   "status": "assigned",
   "__v": 0
 },
 {
   "_id": "5fbf95454bc0e11fa470d979",
   "countryCallingCodes": "[\"+672\"]",
   "currencies": "[\"AUD\"]",
   "languages": "[\"eng\"]",
   "alpha2": "NF",
   "alpha3": "NFK",
   "emoji": "🇳🇫",
   "ioc": "false",
   "name": "Norfolk Island",
   "status": "assigned",
   "__v": 0
 },
 {
   "_id": "5fbf95454bc0e11fa470d97a",
   "countryCallingCodes": "[\"+234\"]",
   "currencies": "[\"NGN\"]",
   "languages": "[\"eng\"]",
   "alpha2": "NG",
   "alpha3": "NGA",
   "emoji": "🇳🇬",
   "ioc": "NGR",
   "name": "Nigeria",
   "status": "assigned",
   "__v": 0
 },
 {
   "_id": "5fbf95454bc0e11fa470d97b",
   "countryCallingCodes": "[]",
   "currencies": "[]",
   "languages": "[]",
   "alpha2": "NH",
   "alpha3": "NHB",
   "emoji": "",
   "ioc": "false",
   "name": "New Hebrides",
   "status": "deleted",
   "__v": 0
 },
 {
   "_id": "5fbf95454bc0e11fa470d97c",
   "countryCallingCodes": "[\"+505\"]",
   "currencies": "[\"NIO\"]",
   "languages": "[\"spa\"]",
   "alpha2": "NI",
   "alpha3": "NIC",
   "emoji": "🇳🇮",
   "ioc": "NCA",
   "name": "Nicaragua",
   "status": "assigned",
   "__v": 0
 },
 {
   "_id": "5fbf95454bc0e11fa470d97d",
   "countryCallingCodes": "[\"+31\"]",
   "currencies": "[\"EUR\"]",
   "languages": "[\"nld\"]",
   "alpha2": "NL",
   "alpha3": "NLD",
   "emoji": "🇳🇱",
   "ioc": "NED",
   "name": "Netherlands",
   "status": "assigned",
   "__v": 0
 },
 {
   "_id": "5fbf95454bc0e11fa470d97e",
   "countryCallingCodes": "[\"+47\"]",
   "currencies": "[\"NOK\"]",
   "languages": "[\"nor\"]",
   "alpha2": "NO",
   "alpha3": "NOR",
   "emoji": "🇳🇴",
   "ioc": "NOR",
   "name": "Norway",
   "status": "assigned",
   "__v": 0
 },
 {
   "_id": "5fbf95454bc0e11fa470d97f",
   "countryCallingCodes": "[\"+977\"]",
   "currencies": "[\"NPR\"]",
   "languages": "[\"nep\"]",
   "alpha2": "NP",
   "alpha3": "NPL",
   "emoji": "🇳🇵",
   "ioc": "NEP",
   "name": "Nepal",
   "status": "assigned",
   "__v": 0
 },
 {
   "_id": "5fbf95454bc0e11fa470d980",
   "countryCallingCodes": "[]",
   "currencies": "[]",
   "languages": "[]",
   "alpha2": "NQ",
   "alpha3": "ATN",
   "emoji": "",
   "ioc": "false",
   "name": "Dronning Maud Land",
   "status": "deleted",
   "__v": 0
 },
 {
   "_id": "5fbf95454bc0e11fa470d981",
   "countryCallingCodes": "[\"+674\"]",
   "currencies": "[\"AUD\"]",
   "languages": "[\"eng\",\"nau\"]",
   "alpha2": "NR",
   "alpha3": "NRU",
   "emoji": "🇳🇷",
   "ioc": "NRU",
   "name": "Nauru",
   "status": "assigned",
   "__v": 0
 },
 {
   "_id": "5fbf95454bc0e11fa470d982",
   "countryCallingCodes": "[]",
   "currencies": "[]",
   "languages": "[]",
   "alpha2": "NT",
   "alpha3": "NTZ",
   "emoji": "",
   "ioc": "false",
   "name": "Neutral Zone",
   "status": "deleted",
   "__v": 0
 },
 {
   "_id": "5fbf95454bc0e11fa470d983",
   "countryCallingCodes": "[\"+683\"]",
   "currencies": "[\"NZD\"]",
   "languages": "[\"eng\"]",
   "alpha2": "NU",
   "alpha3": "NIU",
   "emoji": "🇳🇺",
   "ioc": "false",
   "name": "Niue",
   "status": "assigned",
   "__v": 0
 },
 {
   "_id": "5fbf95454bc0e11fa470d984",
   "countryCallingCodes": "[\"+64\"]",
   "currencies": "[\"NZD\"]",
   "languages": "[\"eng\"]",
   "alpha2": "NZ",
   "alpha3": "NZL",
   "emoji": "🇳🇿",
   "ioc": "NZL",
   "name": "New Zealand",
   "status": "assigned",
   "__v": 0
 },
 {
   "_id": "5fbf95454bc0e11fa470d985",
   "countryCallingCodes": "[\"+968\"]",
   "currencies": "[\"OMR\"]",
   "languages": "[\"ara\"]",
   "alpha2": "OM",
   "alpha3": "OMN",
   "emoji": "🇴🇲",
   "ioc": "OMA",
   "name": "Oman",
   "status": "assigned",
   "__v": 0
 },
 {
   "_id": "5fbf95454bc0e11fa470d986",
   "countryCallingCodes": "[\"+507\"]",
   "currencies": "[\"PAB\",\"USD\"]",
   "languages": "[\"spa\"]",
   "alpha2": "PA",
   "alpha3": "PAN",
   "emoji": "🇵🇦",
   "ioc": "PAN",
   "name": "Panama",
   "status": "assigned",
   "__v": 0
 },
 {
   "_id": "5fbf95454bc0e11fa470d987",
   "countryCallingCodes": "[]",
   "currencies": "[]",
   "languages": "[]",
   "alpha2": "PC",
   "alpha3": "PCI",
   "emoji": "",
   "ioc": "false",
   "name": "Pacific Islands, Trust Territory of the",
   "status": "deleted",
   "__v": 0
 },
 {
   "_id": "5fbf95454bc0e11fa470d988",
   "countryCallingCodes": "[\"+51\"]",
   "currencies": "[\"PEN\"]",
   "languages": "[\"spa\",\"aym\",\"que\"]",
   "alpha2": "PE",
   "alpha3": "PER",
   "emoji": "🇵🇪",
   "ioc": "PER",
   "name": "Peru",
   "status": "assigned",
   "__v": 0
 },
 {
   "_id": "5fbf95454bc0e11fa470d989",
   "countryCallingCodes": "[\"+689\"]",
   "currencies": "[\"XPF\"]",
   "languages": "[\"fra\"]",
   "alpha2": "PF",
   "alpha3": "PYF",
   "emoji": "🇵🇫",
   "ioc": "false",
   "name": "French Polynesia",
   "status": "assigned",
   "__v": 0
 },
 {
   "_id": "5fbf95454bc0e11fa470d98a",
   "countryCallingCodes": "[\"+675\"]",
   "currencies": "[\"PGK\"]",
   "languages": "[\"eng\"]",
   "alpha2": "PG",
   "alpha3": "PNG",
   "emoji": "🇵🇬",
   "ioc": "PNG",
   "name": "Papua New Guinea",
   "status": "assigned",
   "__v": 0
 },
 {
   "_id": "5fbf95454bc0e11fa470d98b",
   "countryCallingCodes": "[\"+63\"]",
   "currencies": "[\"PHP\"]",
   "languages": "[\"eng\"]",
   "alpha2": "PH",
   "alpha3": "PHL",
   "emoji": "🇵🇭",
   "ioc": "PHI",
   "name": "Philippines",
   "status": "assigned",
   "__v": 0
 },
 {
   "_id": "5fbf95454bc0e11fa470d98c",
   "countryCallingCodes": "[\"+92\"]",
   "currencies": "[\"PKR\"]",
   "languages": "[\"urd\",\"eng\"]",
   "alpha2": "PK",
   "alpha3": "PAK",
   "emoji": "🇵🇰",
   "ioc": "PAK",
   "name": "Pakistan",
   "status": "assigned",
   "__v": 0
 },
 {
   "_id": "5fbf95454bc0e11fa470d98d",
   "countryCallingCodes": "[\"+48\"]",
   "currencies": "[\"PLN\"]",
   "languages": "[\"pol\"]",
   "alpha2": "PL",
   "alpha3": "POL",
   "emoji": "🇵🇱",
   "ioc": "POL",
   "name": "Poland",
   "status": "assigned",
   "__v": 0
 },
 {
   "_id": "5fbf95454bc0e11fa470d98e",
   "countryCallingCodes": "[\"+508\"]",
   "currencies": "[\"EUR\"]",
   "languages": "[\"eng\"]",
   "alpha2": "PM",
   "alpha3": "SPM",
   "emoji": "🇵🇲",
   "ioc": "false",
   "name": "Saint Pierre And Miquelon",
   "status": "assigned",
   "__v": 0
 },
 {
   "_id": "5fbf95454bc0e11fa470d98f",
   "countryCallingCodes": "[\"+872\"]",
   "currencies": "[\"NZD\"]",
   "languages": "[\"eng\"]",
   "alpha2": "PN",
   "alpha3": "PCN",
   "emoji": "🇵🇳",
   "ioc": "false",
   "name": "Pitcairn",
   "status": "assigned",
   "__v": 0
 },
 {
   "_id": "5fbf95454bc0e11fa470d990",
   "countryCallingCodes": "[\"+1 787\",\"+1 939\"]",
   "currencies": "[\"USD\"]",
   "languages": "[\"spa\",\"eng\"]",
   "alpha2": "PR",
   "alpha3": "PRI",
   "emoji": "🇵🇷",
   "ioc": "PUR",
   "name": "Puerto Rico",
   "status": "assigned",
   "__v": 0
 },
 {
   "_id": "5fbf95454bc0e11fa470d991",
   "countryCallingCodes": "[\"+970\"]",
   "currencies": "[\"JOD\",\"EGP\",\"ILS\"]",
   "languages": "[\"ara\"]",
   "alpha2": "PS",
   "alpha3": "PSE",
   "emoji": "🇵🇸",
   "ioc": "PLE",
   "name": "Palestinian Territory, Occupied",
   "status": "assigned",
   "__v": 0
 },
 {
   "_id": "5fbf95454bc0e11fa470d992",
   "countryCallingCodes": "[\"+351\"]",
   "currencies": "[\"EUR\"]",
   "languages": "[\"por\"]",
   "alpha2": "PT",
   "alpha3": "PRT",
   "emoji": "🇵🇹",
   "ioc": "POR",
   "name": "Portugal",
   "status": "assigned",
   "__v": 0
 },
 {
   "_id": "5fbf95454bc0e11fa470d993",
   "countryCallingCodes": "[]",
   "currencies": "[]",
   "languages": "[]",
   "alpha2": "PU",
   "alpha3": "PUS",
   "emoji": "",
   "ioc": "false",
   "name": "U.S. Miscellaneous Pacific Islands",
   "status": "deleted",
   "__v": 0
 },
 {
   "_id": "5fbf95454bc0e11fa470d994",
   "countryCallingCodes": "[\"+680\"]",
   "currencies": "[\"USD\"]",
   "languages": "[\"eng\"]",
   "alpha2": "PW",
   "alpha3": "PLW",
   "emoji": "🇵🇼",
   "ioc": "PLW",
   "name": "Palau",
   "status": "assigned",
   "__v": 0
 },
 {
   "_id": "5fbf95454bc0e11fa470d995",
   "countryCallingCodes": "[\"+595\"]",
   "currencies": "[\"PYG\"]",
   "languages": "[\"spa\"]",
   "alpha2": "PY",
   "alpha3": "PRY",
   "emoji": "🇵🇾",
   "ioc": "PAR",
   "name": "Paraguay",
   "status": "assigned",
   "__v": 0
 },
 {
   "_id": "5fbf95454bc0e11fa470d996",
   "countryCallingCodes": "[]",
   "currencies": "[]",
   "languages": "[]",
   "alpha2": "PZ",
   "alpha3": "PCZ",
   "emoji": "",
   "ioc": "false",
   "name": "Panama Canal Zone",
   "status": "deleted",
   "__v": 0
 },
 {
   "_id": "5fbf95454bc0e11fa470d997",
   "countryCallingCodes": "[\"+974\"]",
   "currencies": "[\"QAR\"]",
   "languages": "[\"ara\"]",
   "alpha2": "QA",
   "alpha3": "QAT",
   "emoji": "🇶🇦",
   "ioc": "QAT",
   "name": "Qatar",
   "status": "assigned",
   "__v": 0
 },
 {
   "_id": "5fbf95454bc0e11fa470d998",
   "countryCallingCodes": "[\"+262\"]",
   "currencies": "[\"EUR\"]",
   "languages": "[\"fra\"]",
   "alpha2": "RE",
   "alpha3": "REU",
   "emoji": "🇷🇪",
   "ioc": "false",
   "name": "Reunion",
   "status": "assigned",
   "__v": 0
 },
 {
   "_id": "5fbf95454bc0e11fa470d999",
   "countryCallingCodes": "[]",
   "currencies": "[]",
   "languages": "[]",
   "alpha2": "RH",
   "alpha3": "RHO",
   "emoji": "",
   "ioc": "false",
   "name": "Southern Rhodesia",
   "status": "deleted",
   "__v": 0
 },
 {
   "_id": "5fbf95454bc0e11fa470d99a",
   "countryCallingCodes": "[\"+40\"]",
   "currencies": "[\"RON\"]",
   "languages": "[\"ron\"]",
   "alpha2": "RO",
   "alpha3": "ROU",
   "emoji": "🇷🇴",
   "ioc": "ROU",
   "name": "Romania",
   "status": "assigned",
   "__v": 0
 },
 {
   "_id": "5fbf95454bc0e11fa470d99b",
   "countryCallingCodes": "[\"+381\"]",
   "currencies": "[\"RSD\"]",
   "languages": "[\"srp\"]",
   "alpha2": "RS",
   "alpha3": "SRB",
   "emoji": "🇷🇸",
   "ioc": "SRB",
   "name": "Serbia",
   "status": "assigned",
   "__v": 0
 },
 {
   "_id": "5fbf95454bc0e11fa470d99c",
   "countryCallingCodes": "[\"+7\",\"+7 3\",\"+7 4\",\"+7 8\"]",
   "currencies": "[\"RUB\"]",
   "languages": "[\"rus\"]",
   "alpha2": "RU",
   "alpha3": "RUS",
   "emoji": "🇷🇺",
   "ioc": "RUS",
   "name": "Russian Federation",
   "status": "assigned",
   "__v": 0
 },
 {
   "_id": "5fbf95454bc0e11fa470d99d",
   "countryCallingCodes": "[\"+250\"]",
   "currencies": "[\"RWF\"]",
   "languages": "[\"eng\",\"fra\",\"kin\"]",
   "alpha2": "RW",
   "alpha3": "RWA",
   "emoji": "🇷🇼",
   "ioc": "RWA",
   "name": "Rwanda",
   "status": "assigned",
   "__v": 0
 },
 {
   "_id": "5fbf95454bc0e11fa470d99e",
   "countryCallingCodes": "[\"+966\"]",
   "currencies": "[\"SAR\"]",
   "languages": "[\"ara\"]",
   "alpha2": "SA",
   "alpha3": "SAU",
   "emoji": "🇸🇦",
   "ioc": "KSA",
   "name": "Saudi Arabia",
   "status": "assigned",
   "__v": 0
 },
 {
   "_id": "5fbf95454bc0e11fa470d99f",
   "countryCallingCodes": "[\"+677\"]",
   "currencies": "[\"SBD\"]",
   "languages": "[\"eng\"]",
   "alpha2": "SB",
   "alpha3": "SLB",
   "emoji": "🇸🇧",
   "ioc": "SOL",
   "name": "Solomon Islands",
   "status": "assigned",
   "__v": 0
 },
 {
   "_id": "5fbf95454bc0e11fa470d9a0",
   "countryCallingCodes": "[\"+248\"]",
   "currencies": "[\"SCR\"]",
   "languages": "[\"eng\",\"fra\"]",
   "alpha2": "SC",
   "alpha3": "SYC",
   "emoji": "🇸🇨",
   "ioc": "SEY",
   "name": "Seychelles",
   "status": "assigned",
   "__v": 0
 },
 {
   "_id": "5fbf95454bc0e11fa470d9a1",
   "countryCallingCodes": "[\"+249\"]",
   "currencies": "[\"SDG\"]",
   "languages": "[\"ara\",\"eng\"]",
   "alpha2": "SD",
   "alpha3": "SDN",
   "emoji": "🇸🇩",
   "ioc": "SUD",
   "name": "Sudan",
   "status": "assigned",
   "__v": 0
 },
 {
   "_id": "5fbf95454bc0e11fa470d9a2",
   "countryCallingCodes": "[\"+46\"]",
   "currencies": "[\"SEK\"]",
   "languages": "[\"swe\"]",
   "alpha2": "SE",
   "alpha3": "SWE",
   "emoji": "🇸🇪",
   "ioc": "SWE",
   "name": "Sweden",
   "status": "assigned",
   "__v": 0
 },
 {
   "_id": "5fbf95454bc0e11fa470d9a3",
   "countryCallingCodes": "[\"+65\"]",
   "currencies": "[\"SGD\"]",
   "languages": "[\"eng\",\"zho\",\"msa\",\"tam\"]",
   "alpha2": "SG",
   "alpha3": "SGP",
   "emoji": "🇸🇬",
   "ioc": "SIN",
   "name": "Singapore",
   "status": "assigned",
   "__v": 0
 },
 {
   "_id": "5fbf95454bc0e11fa470d9a4",
   "countryCallingCodes": "[\"+290\"]",
   "currencies": "[\"SHP\"]",
   "languages": "[\"eng\"]",
   "alpha2": "SH",
   "alpha3": "SHN",
   "emoji": "🇸🇭",
   "ioc": "false",
   "name": "Saint Helena, Ascension And Tristan Da Cunha",
   "status": "assigned",
   "__v": 0
 },
 {
   "_id": "5fbf95454bc0e11fa470d9a5",
   "countryCallingCodes": "[\"+386\"]",
   "currencies": "[\"EUR\"]",
   "languages": "[\"slv\"]",
   "alpha2": "SI",
   "alpha3": "SVN",
   "emoji": "🇸🇮",
   "ioc": "SLO",
   "name": "Slovenia",
   "status": "assigned",
   "__v": 0
 },
 {
   "_id": "5fbf95454bc0e11fa470d9a6",
   "countryCallingCodes": "[\"+47\"]",
   "currencies": "[\"NOK\"]",
   "languages": "[]",
   "alpha2": "SJ",
   "alpha3": "SJM",
   "emoji": "🇸🇯",
   "ioc": "false",
   "name": "Svalbard And Jan Mayen",
   "status": "assigned",
   "__v": 0
 },
 {
   "_id": "5fbf95454bc0e11fa470d9a7",
   "countryCallingCodes": "[\"+421\"]",
   "currencies": "[\"EUR\"]",
   "languages": "[\"slk\"]",
   "alpha2": "SK",
   "alpha3": "SVK",
   "emoji": "🇸🇰",
   "ioc": "SVK",
   "name": "Slovakia",
   "status": "assigned",
   "__v": 0
 },
 {
   "_id": "5fbf95454bc0e11fa470d9a8",
   "countryCallingCodes": "[]",
   "currencies": "[]",
   "languages": "[]",
   "alpha2": "SK",
   "alpha3": "SKM",
   "emoji": "",
   "ioc": "false",
   "name": "Sikkim",
   "status": "deleted",
   "__v": 0
 },
 {
   "_id": "5fbf95454bc0e11fa470d9a9",
   "countryCallingCodes": "[\"+232\"]",
   "currencies": "[\"SLL\"]",
   "languages": "[\"eng\"]",
   "alpha2": "SL",
   "alpha3": "SLE",
   "emoji": "🇸🇱",
   "ioc": "SLE",
   "name": "Sierra Leone",
   "status": "assigned",
   "__v": 0
 },
 {
   "_id": "5fbf95454bc0e11fa470d9aa",
   "countryCallingCodes": "[\"+378\"]",
   "currencies": "[\"EUR\"]",
   "languages": "[\"ita\"]",
   "alpha2": "SM",
   "alpha3": "SMR",
   "emoji": "🇸🇲",
   "ioc": "SMR",
   "name": "San Marino",
   "status": "assigned",
   "__v": 0
 },
 {
   "_id": "5fbf95454bc0e11fa470d9ab",
   "countryCallingCodes": "[\"+221\"]",
   "currencies": "[\"XOF\"]",
   "languages": "[\"fra\"]",
   "alpha2": "SN",
   "alpha3": "SEN",
   "emoji": "🇸🇳",
   "ioc": "SEN",
   "name": "Senegal",
   "status": "assigned",
   "__v": 0
 },
 {
   "_id": "5fbf95454bc0e11fa470d9ac",
   "countryCallingCodes": "[\"+252\"]",
   "currencies": "[\"SOS\"]",
   "languages": "[\"som\"]",
   "alpha2": "SO",
   "alpha3": "SOM",
   "emoji": "🇸🇴",
   "ioc": "SOM",
   "name": "Somalia",
   "status": "assigned",
   "__v": 0
 },
 {
   "_id": "5fbf95454bc0e11fa470d9ad",
   "countryCallingCodes": "[\"+597\"]",
   "currencies": "[\"SRD\"]",
   "languages": "[\"nld\"]",
   "alpha2": "SR",
   "alpha3": "SUR",
   "emoji": "🇸🇷",
   "ioc": "SUR",
   "name": "Suriname",
   "status": "assigned",
   "__v": 0
 },
 {
   "_id": "5fbf95454bc0e11fa470d9ae",
   "countryCallingCodes": "[\"+211\"]",
   "currencies": "[\"SSP\"]",
   "languages": "[\"eng\"]",
   "alpha2": "SS",
   "alpha3": "SSD",
   "emoji": "🇸🇸",
   "ioc": "SSD",
   "name": "South Sudan",
   "status": "assigned",
   "__v": 0
 },
 {
   "_id": "5fbf95454bc0e11fa470d9af",
   "countryCallingCodes": "[\"+239\"]",
   "currencies": "[\"STD\"]",
   "languages": "[\"por\"]",
   "alpha2": "ST",
   "alpha3": "STP",
   "emoji": "🇸🇹",
   "ioc": "STP",
   "name": "Sao Tome and Principe",
   "status": "assigned",
   "__v": 0
 },
 {
   "_id": "5fbf95454bc0e11fa470d9b0",
   "countryCallingCodes": "[]",
   "currencies": "[\"RUB\"]",
   "languages": "[\"rus\"]",
   "alpha2": "SU",
   "alpha3": "false",
   "emoji": "false",
   "ioc": "false",
   "name": "USSR",
   "status": "reserved",
   "__v": 0
 },
 {
   "_id": "5fbf95454bc0e11fa470d9b1",
   "countryCallingCodes": "[\"+503\"]",
   "currencies": "[\"USD\"]",
   "languages": "[\"spa\"]",
   "alpha2": "SV",
   "alpha3": "SLV",
   "emoji": "🇸🇻",
   "ioc": "ESA",
   "name": "El Salvador",
   "status": "assigned",
   "__v": 0
 },
 {
   "_id": "5fbf95454bc0e11fa470d9b2",
   "countryCallingCodes": "[\"+1 721\"]",
   "currencies": "[\"ANG\"]",
   "languages": "[\"nld\"]",
   "alpha2": "SX",
   "alpha3": "SXM",
   "emoji": "🇸🇽",
   "ioc": "false",
   "name": "Sint Maarten",
   "status": "assigned",
   "__v": 0
 },
 {
   "_id": "5fbf95454bc0e11fa470d9b3",
   "countryCallingCodes": "[\"+963\"]",
   "currencies": "[\"SYP\"]",
   "languages": "[\"ara\"]",
   "alpha2": "SY",
   "alpha3": "SYR",
   "emoji": "🇸🇾",
   "ioc": "SYR",
   "name": "Syrian Arab Republic",
   "status": "assigned",
   "__v": 0
 },
 {
   "_id": "5fbf95454bc0e11fa470d9b4",
   "countryCallingCodes": "[\"+268\"]",
   "currencies": "[\"SZL\"]",
   "languages": "[\"eng\",\"ssw\"]",
   "alpha2": "SZ",
   "alpha3": "SWZ",
   "emoji": "🇸🇿",
   "ioc": "SWZ",
   "name": "Swaziland",
   "status": "assigned",
   "__v": 0
 },
 {
   "_id": "5fbf95454bc0e11fa470d9b5",
   "countryCallingCodes": "[\"+290\"]",
   "currencies": "[\"GBP\"]",
   "languages": "[]",
   "alpha2": "TA",
   "alpha3": "false",
   "emoji": "false",
   "ioc": "false",
   "name": "Tristan de Cunha",
   "status": "reserved",
   "__v": 0
 },
 {
   "_id": "5fbf95454bc0e11fa470d9b6",
   "countryCallingCodes": "[\"+1 649\"]",
   "currencies": "[\"USD\"]",
   "languages": "[\"eng\"]",
   "alpha2": "TC",
   "alpha3": "TCA",
   "emoji": "🇹🇨",
   "ioc": "false",
   "name": "Turks And Caicos Islands",
   "status": "assigned",
   "__v": 0
 },
 {
   "_id": "5fbf95454bc0e11fa470d9b7",
   "countryCallingCodes": "[\"+235\"]",
   "currencies": "[\"XAF\"]",
   "languages": "[\"ara\",\"fra\"]",
   "alpha2": "TD",
   "alpha3": "TCD",
   "emoji": "🇹🇩",
   "ioc": "CHA",
   "name": "Chad",
   "status": "assigned",
   "__v": 0
 },
 {
   "_id": "5fbf95454bc0e11fa470d9b8",
   "countryCallingCodes": "[]",
   "currencies": "[\"EUR\"]",
   "languages": "[\"fra\"]",
   "alpha2": "TF",
   "alpha3": "ATF",
   "emoji": "🇹🇫",
   "ioc": "false",
   "name": "French Southern Territories",
   "status": "assigned",
   "__v": 0
 },
 {
   "_id": "5fbf95454bc0e11fa470d9b9",
   "countryCallingCodes": "[\"+228\"]",
   "currencies": "[\"XOF\"]",
   "languages": "[\"fra\"]",
   "alpha2": "TG",
   "alpha3": "TGO",
   "emoji": "🇹🇬",
   "ioc": "TOG",
   "name": "Togo",
   "status": "assigned",
   "__v": 0
 },
 {
   "_id": "5fbf95454bc0e11fa470d9ba",
   "countryCallingCodes": "[\"+66\"]",
   "currencies": "[\"THB\"]",
   "languages": "[\"tha\"]",
   "alpha2": "TH",
   "alpha3": "THA",
   "emoji": "🇹🇭",
   "ioc": "THA",
   "name": "Thailand",
   "status": "assigned",
   "__v": 0
 },
 {
   "_id": "5fbf95454bc0e11fa470d9bb",
   "countryCallingCodes": "[\"+992\"]",
   "currencies": "[\"TJS\"]",
   "languages": "[\"tgk\",\"rus\"]",
   "alpha2": "TJ",
   "alpha3": "TJK",
   "emoji": "🇹🇯",
   "ioc": "TJK",
   "name": "Tajikistan",
   "status": "assigned",
   "__v": 0
 },
 {
   "_id": "5fbf95454bc0e11fa470d9bc",
   "countryCallingCodes": "[\"+690\"]",
   "currencies": "[\"NZD\"]",
   "languages": "[\"eng\"]",
   "alpha2": "TK",
   "alpha3": "TKL",
   "emoji": "🇹🇰",
   "ioc": "false",
   "name": "Tokelau",
   "status": "assigned",
   "__v": 0
 },
 {
   "_id": "5fbf95454bc0e11fa470d9bd",
   "countryCallingCodes": "[\"+670\"]",
   "currencies": "[\"USD\"]",
   "languages": "[\"por\"]",
   "alpha2": "TL",
   "alpha3": "TLS",
   "emoji": "🇹🇱",
   "ioc": "TLS",
   "name": "Timor-Leste, Democratic Republic of",
   "status": "assigned",
   "__v": 0
 },
 {
   "_id": "5fbf95454bc0e11fa470d9be",
   "countryCallingCodes": "[\"+993\"]",
   "currencies": "[\"TMT\"]",
   "languages": "[\"tuk\",\"rus\"]",
   "alpha2": "TM",
   "alpha3": "TKM",
   "emoji": "🇹🇲",
   "ioc": "TKM",
   "name": "Turkmenistan",
   "status": "assigned",
   "__v": 0
 },
 {
   "_id": "5fbf95454bc0e11fa470d9bf",
   "countryCallingCodes": "[\"+216\"]",
   "currencies": "[\"TND\"]",
   "languages": "[\"ara\"]",
   "alpha2": "TN",
   "alpha3": "TUN",
   "emoji": "🇹🇳",
   "ioc": "TUN",
   "name": "Tunisia",
   "status": "assigned",
   "__v": 0
 },
 {
   "_id": "5fbf95454bc0e11fa470d9c0",
   "countryCallingCodes": "[\"+676\"]",
   "currencies": "[\"TOP\"]",
   "languages": "[\"eng\"]",
   "alpha2": "TO",
   "alpha3": "TON",
   "emoji": "🇹🇴",
   "ioc": "TGA",
   "name": "Tonga",
   "status": "assigned",
   "__v": 0
 },
 {
   "_id": "5fbf95454bc0e11fa470d9c1",
   "countryCallingCodes": "[]",
   "currencies": "[]",
   "languages": "[]",
   "alpha2": "TP",
   "alpha3": "TMP",
   "emoji": "",
   "ioc": "false",
   "name": "East Timor",
   "status": "deleted",
   "__v": 0
 },
 {
   "_id": "5fbf95454bc0e11fa470d9c2",
   "countryCallingCodes": "[\"+90\"]",
   "currencies": "[\"TRY\"]",
   "languages": "[\"tur\"]",
   "alpha2": "TR",
   "alpha3": "TUR",
   "emoji": "🇹🇷",
   "ioc": "TUR",
   "name": "Turkey",
   "status": "assigned",
   "__v": 0
 },
 {
   "_id": "5fbf95454bc0e11fa470d9c3",
   "countryCallingCodes": "[\"+1 868\"]",
   "currencies": "[\"TTD\"]",
   "languages": "[\"eng\"]",
   "alpha2": "TT",
   "alpha3": "TTO",
   "emoji": "🇹🇹",
   "ioc": "TTO",
   "name": "Trinidad And Tobago",
   "status": "assigned",
   "__v": 0
 },
 {
   "_id": "5fbf95454bc0e11fa470d9c4",
   "countryCallingCodes": "[\"+688\"]",
   "currencies": "[\"AUD\"]",
   "languages": "[\"eng\"]",
   "alpha2": "TV",
   "alpha3": "TUV",
   "emoji": "🇹🇻",
   "ioc": "TUV",
   "name": "Tuvalu",
   "status": "assigned",
   "__v": 0
 },
 {
   "_id": "5fbf95454bc0e11fa470d9c5",
   "countryCallingCodes": "[\"+886\"]",
   "currencies": "[\"TWD\"]",
   "languages": "[\"zho\"]",
   "alpha2": "TW",
   "alpha3": "TWN",
   "emoji": "🇹🇼",
   "ioc": "TPE",
   "name": "Taiwan",
   "status": "assigned",
   "__v": 0
 },
 {
   "_id": "5fbf95454bc0e11fa470d9c6",
   "countryCallingCodes": "[\"+255\"]",
   "currencies": "[\"TZS\"]",
   "languages": "[\"swa\",\"eng\"]",
   "alpha2": "TZ",
   "alpha3": "TZA",
   "emoji": "🇹🇿",
   "ioc": "TAN",
   "name": "Tanzania, United Republic Of",
   "status": "assigned",
   "__v": 0
 },
 {
   "_id": "5fbf95454bc0e11fa470d9c7",
   "countryCallingCodes": "[\"+380\"]",
   "currencies": "[\"UAH\"]",
   "languages": "[\"ukr\",\"rus\"]",
   "alpha2": "UA",
   "alpha3": "UKR",
   "emoji": "🇺🇦",
   "ioc": "UKR",
   "name": "Ukraine",
   "status": "assigned",
   "__v": 0
 },
 {
   "_id": "5fbf95454bc0e11fa470d9c8",
   "countryCallingCodes": "[\"+256\"]",
   "currencies": "[\"UGX\"]",
   "languages": "[\"eng\",\"swa\"]",
   "alpha2": "UG",
   "alpha3": "UGA",
   "emoji": "🇺🇬",
   "ioc": "UGA",
   "name": "Uganda",
   "status": "assigned",
   "__v": 0
 },
 {
   "_id": "5fbf95454bc0e11fa470d9c9",
   "countryCallingCodes": "[]",
   "currencies": "[\"GBP\"]",
   "languages": "[\"eng\",\"cor\",\"gle\",\"gla\",\"cym\"]",
   "alpha2": "UK",
   "alpha3": "false",
   "emoji": "false",
   "ioc": "false",
   "name": "United Kingdom",
   "status": "reserved",
   "__v": 0
 },
 {
   "_id": "5fbf95454bc0e11fa470d9ca",
   "countryCallingCodes": "[\"+1\"]",
   "currencies": "[\"USD\"]",
   "languages": "[\"eng\"]",
   "alpha2": "UM",
   "alpha3": "UMI",
   "emoji": "🇺🇲",
   "ioc": "false",
   "name": "United States Minor Outlying Islands",
   "status": "assigned",
   "__v": 0
 },
 {
   "_id": "5fbf95454bc0e11fa470d9cb",
   "countryCallingCodes": "[\"+1\"]",
   "currencies": "[\"USD\"]",
   "languages": "[\"eng\"]",
   "alpha2": "US",
   "alpha3": "USA",
   "emoji": "🇺🇸",
   "ioc": "USA",
   "name": "United States",
   "status": "assigned",
   "__v": 0
 },
 {
   "_id": "5fbf95454bc0e11fa470d9cc",
   "countryCallingCodes": "[\"+598\"]",
   "currencies": "[\"UYU\",\"UYI\"]",
   "languages": "[\"spa\"]",
   "alpha2": "UY",
   "alpha3": "URY",
   "emoji": "🇺🇾",
   "ioc": "URU",
   "name": "Uruguay",
   "status": "assigned",
   "__v": 0
 },
 {
   "_id": "5fbf95454bc0e11fa470d9cd",
   "countryCallingCodes": "[\"+998\"]",
   "currencies": "[\"UZS\"]",
   "languages": "[\"uzb\",\"rus\"]",
   "alpha2": "UZ",
   "alpha3": "UZB",
   "emoji": "🇺🇿",
   "ioc": "UZB",
   "name": "Uzbekistan",
   "status": "assigned",
   "__v": 0
 },
 {
   "_id": "5fbf95454bc0e11fa470d9ce",
   "countryCallingCodes": "[\"+379\",\"+39\"]",
   "currencies": "[\"EUR\"]",
   "languages": "[\"ita\"]",
   "alpha2": "VA",
   "alpha3": "VAT",
   "emoji": "🇻🇦",
   "ioc": "false",
   "name": "Vatican City State",
   "status": "assigned",
   "__v": 0
 },
 {
   "_id": "5fbf95454bc0e11fa470d9cf",
   "countryCallingCodes": "[\"+1 784\"]",
   "currencies": "[\"XCD\"]",
   "languages": "[\"eng\"]",
   "alpha2": "VC",
   "alpha3": "VCT",
   "emoji": "🇻🇨",
   "ioc": "VIN",
   "name": "Saint Vincent And The Grenadines",
   "status": "assigned",
   "__v": 0
 },
 {
   "_id": "5fbf95454bc0e11fa470d9d0",
   "countryCallingCodes": "[]",
   "currencies": "[]",
   "languages": "[]",
   "alpha2": "VD",
   "alpha3": "VDR",
   "emoji": "",
   "ioc": "false",
   "name": "Viet-Nam, Democratic Republic of",
   "status": "deleted",
   "__v": 0
 },
 {
   "_id": "5fbf95454bc0e11fa470d9d1",
   "countryCallingCodes": "[\"+58\"]",
   "currencies": "[\"VEF\"]",
   "languages": "[\"spa\"]",
   "alpha2": "VE",
   "alpha3": "VEN",
   "emoji": "🇻🇪",
   "ioc": "VEN",
   "name": "Venezuela, Bolivarian Republic Of",
   "status": "assigned",
   "__v": 0
 },
 {
   "_id": "5fbf95454bc0e11fa470d9d2",
   "countryCallingCodes": "[\"+1 284\"]",
   "currencies": "[\"USD\"]",
   "languages": "[\"eng\"]",
   "alpha2": "VG",
   "alpha3": "VGB",
   "emoji": "🇻🇬",
   "ioc": "IVB",
   "name": "Virgin Islands (British)",
   "status": "assigned",
   "__v": 0
 },
 {
   "_id": "5fbf95454bc0e11fa470d9d3",
   "countryCallingCodes": "[\"+1 340\"]",
   "currencies": "[\"USD\"]",
   "languages": "[\"eng\"]",
   "alpha2": "VI",
   "alpha3": "VIR",
   "emoji": "🇻🇮",
   "ioc": "ISV",
   "name": "Virgin Islands (US)",
   "status": "assigned",
   "__v": 0
 },
 {
   "_id": "5fbf95454bc0e11fa470d9d4",
   "countryCallingCodes": "[\"+84\"]",
   "currencies": "[\"VND\"]",
   "languages": "[\"vie\"]",
   "alpha2": "VN",
   "alpha3": "VNM",
   "emoji": "🇻🇳",
   "ioc": "VIE",
   "name": "Viet Nam",
   "status": "assigned",
   "__v": 0
 },
 {
   "_id": "5fbf95454bc0e11fa470d9d5",
   "countryCallingCodes": "[\"+678\"]",
   "currencies": "[\"VUV\"]",
   "languages": "[\"bis\",\"eng\",\"fra\"]",
   "alpha2": "VU",
   "alpha3": "VUT",
   "emoji": "🇻🇺",
   "ioc": "VAN",
   "name": "Vanuatu",
   "status": "assigned",
   "__v": 0
 },
 {
   "_id": "5fbf95454bc0e11fa470d9d6",
   "countryCallingCodes": "[\"+681\"]",
   "currencies": "[\"XPF\"]",
   "languages": "[\"fra\"]",
   "alpha2": "WF",
   "alpha3": "WLF",
   "emoji": "🇼🇫",
   "ioc": "false",
   "name": "Wallis And Futuna",
   "status": "assigned",
   "__v": 0
 },
 {
   "_id": "5fbf95454bc0e11fa470d9d7",
   "countryCallingCodes": "[]",
   "currencies": "[]",
   "languages": "[]",
   "alpha2": "WK",
   "alpha3": "WAK",
   "emoji": "",
   "ioc": "false",
   "name": "Wake Island",
   "status": "deleted",
   "__v": 0
 },
 {
   "_id": "5fbf95454bc0e11fa470d9d8",
   "countryCallingCodes": "[\"+685\"]",
   "currencies": "[\"WST\"]",
   "languages": "[\"eng\",\"smo\"]",
   "alpha2": "WS",
   "alpha3": "WSM",
   "emoji": "🇼🇸",
   "ioc": "SAM",
   "name": "Samoa",
   "status": "assigned",
   "__v": 0
 },
 {
   "_id": "5fbf95454bc0e11fa470d9d9",
   "countryCallingCodes": "[\"+383\"]",
   "currencies": "[\"EUR\"]",
   "languages": "[\"sqi\",\"srp\",\"bos\",\"tur\",\"rom\"]",
   "alpha2": "XK",
   "alpha3": "false",
   "emoji": "false",
   "ioc": "KOS",
   "name": "Kosovo",
   "status": "user assigned",
   "__v": 0
 },
 {
   "_id": "5fbf95454bc0e11fa470d9da",
   "countryCallingCodes": "[]",
   "currencies": "[]",
   "languages": "[]",
   "alpha2": "YD",
   "alpha3": "YMD",
   "emoji": "",
   "ioc": "false",
   "name": "Yemen, Democratic",
   "status": "deleted",
   "__v": 0
 },
 {
   "_id": "5fbf95454bc0e11fa470d9db",
   "countryCallingCodes": "[\"+967\"]",
   "currencies": "[\"YER\"]",
   "languages": "[\"ara\"]",
   "alpha2": "YE",
   "alpha3": "YEM",
   "emoji": "🇾🇪",
   "ioc": "YEM",
   "name": "Yemen",
   "status": "assigned",
   "__v": 0
 },
 {
   "_id": "5fbf95454bc0e11fa470d9dc",
   "countryCallingCodes": "[\"+262\"]",
   "currencies": "[\"EUR\"]",
   "languages": "[\"fra\"]",
   "alpha2": "YT",
   "alpha3": "MYT",
   "emoji": "🇾🇹",
   "ioc": "false",
   "name": "Mayotte",
   "status": "assigned",
   "__v": 0
 },
 {
   "_id": "5fbf95454bc0e11fa470d9dd",
   "countryCallingCodes": "[]",
   "currencies": "[]",
   "languages": "[]",
   "alpha2": "YU",
   "alpha3": "YUG",
   "emoji": "",
   "ioc": "false",
   "name": "Yugoslavia",
   "status": "deleted",
   "__v": 0
 },
 {
   "_id": "5fbf95454bc0e11fa470d9de",
   "countryCallingCodes": "[\"+27\"]",
   "currencies": "[\"ZAR\"]",
   "languages": "[\"afr\",\"eng\",\"nbl\",\"som\",\"tso\",\"ven\",\"xho\",\"zul\"]",
   "alpha2": "ZA",
   "alpha3": "ZAF",
   "emoji": "🇿🇦",
   "ioc": "RSA",
   "name": "South Africa",
   "status": "assigned",
   "__v": 0
 },
 {
   "_id": "5fbf95454bc0e11fa470d9df",
   "countryCallingCodes": "[\"+260\"]",
   "currencies": "[\"ZMW\"]",
   "languages": "[\"eng\"]",
   "alpha2": "ZM",
   "alpha3": "ZMB",
   "emoji": "🇿🇲",
   "ioc": "ZAM",
   "name": "Zambia",
   "status": "assigned",
   "__v": 0
 },
 {
   "_id": "5fbf95454bc0e11fa470d9e0",
   "countryCallingCodes": "[]",
   "currencies": "[]",
   "languages": "[]",
   "alpha2": "ZR",
   "alpha3": "ZAR",
   "emoji": "",
   "ioc": "false",
   "name": "Zaire",
   "status": "deleted",
   "__v": 0
 },
 {
   "_id": "5fbf95454bc0e11fa470d9e1",
   "countryCallingCodes": "[\"+263\"]",
   "currencies": "[\"USD\",\"ZAR\",\"BWP\",\"GBP\",\"EUR\"]",
   "languages": "[\"eng\",\"sna\",\"nde\"]",
   "alpha2": "ZW",
   "alpha3": "ZWE",
   "emoji": "🇿🇼",
   "ioc": "ZIM",
   "name": "Zimbabwe",
   "status": "assigned",
   "__v": 0
 }
]